filename,class_label,source_type,edit_type,base_image,notes
dataset/real/synthetic_real_0001.jpg,real,synthetic_certificate,none,,Generated privacy-safe certificate image.
dataset/fake/synthetic_fake_0001.jpg,fake,synthetic_certificate_edit,serial_change+issuer_change+body_text_change,dataset/real/synthetic_real_0001.jpg,Generated by locally editing a synthetic base certificate.
dataset/real/synthetic_real_0002.jpg,real,synthetic_certificate,none,,Generated privacy-safe certificate image.
dataset/fake/synthetic_fake_0002.jpg,fake,synthetic_certificate_forged,fully_forged,,Generated as a completely forged certificate with subtle inconsistencies.
dataset/real/synthetic_real_0003.jpg,real,synthetic_certificate,none,,Generated privacy-safe certificate image.
dataset/fake/synthetic_fake_0003.jpg,fake,synthetic_certificate_edit,name_change,dataset/real/synthetic_real_0003.jpg,Generated by locally editing a synthetic base certificate.
dataset/real/synthetic_real_0004.jpg,real,synthetic_certificate,none,,Generated privacy-safe certificate image.
dataset/fake/synthetic_fake_0004.jpg,fake,synthetic_certificate_forged,fully_forged,,Generated as a completely forged certificate with subtle inconsistencies.
dataset/real/synthetic_real_0005.jpg,real,synthetic_certificate,none,,Generated privacy-safe certificate image.
dataset/fake/synthetic_fake_0005.jpg,fake,synthetic_certificate_edit,name_change,dataset/real/synthetic_real_0005.jpg,Generated by locally editing a synthetic base certificate.
dataset/real/synthetic_real_0006.jpg,real,synthetic_certificate,none,,Generated privacy-safe certificate image.
dataset/fake/synthetic_fake_0006.jpg,fake,synthetic_certificate_forged,fully_forged,,Generated as a completely forged certificate with subtle inconsistencies.
dataset/real/synthetic_real_0007.jpg,real,synthetic_certificate,none,,Generated privacy-safe certificate image.
dataset/fake/synthetic_fake_0007.jpg,fake,synthetic_certificate_edit,body_text_change+serial_change,dataset/real/synthetic_real_0007.jpg,Generated by locally editing a synthetic base certificate.
dataset/real/synthetic_real_0008.jpg,real,synthetic_certificate,none,,Generated privacy-safe certificate image.
dataset/fake/synthetic_fake_0008.jpg,fake,synthetic_certificate_forged,fully_forged,,Generated as a completely forged certificate with subtle inconsistencies.
dataset/real/synthetic_real_0009.jpg,real,synthetic_certificate,none,,Generated privacy-safe certificate image.
dataset/fake/synthetic_fake_0009.jpg,fake,synthetic_certificate_edit,signature_change,dataset/real/synthetic_real_0009.jpg,Generated by locally editing a synthetic base certificate.
dataset/real/synthetic_real_0010.jpg,real,synthetic_certificate,none,,Generated privacy-safe certificate image.
dataset/fake/synthetic_fake_0010.jpg,fake,synthetic_certificate_forged,fully_forged,,Generated as a completely forged certificate with subtle inconsistencies.
dataset/real/synthetic_real_0011.jpg,real,synthetic_certificate,none,,Generated privacy-safe certificate image.
dataset/fake/synthetic_fake_0011.jpg,fake,synthetic_certificate_edit,seal_shift+name_change,dataset/real/synthetic_real_0011.jpg,Generated by locally editing a synthetic base certificate.
dataset/real/synthetic_real_0012.jpg,real,synthetic_certificate,none,,Generated privacy-safe certificate image.
dataset/fake/synthetic_fake_0012.jpg,fake,synthetic_certificate_forged,fully_forged,,Generated as a completely forged certificate with subtle inconsistencies.
dataset/real/synthetic_real_0013.jpg,real,synthetic_certificate,none,,Generated privacy-safe certificate image.
dataset/fake/synthetic_fake_0013.jpg,fake,synthetic_certificate_edit,name_change+date_change,dataset/real/synthetic_real_0013.jpg,Generated by locally editing a synthetic base certificate.
dataset/real/synthetic_real_0014.jpg,real,synthetic_certificate,none,,Generated privacy-safe certificate image.
dataset/fake/synthetic_fake_0014.jpg,fake,synthetic_certificate_forged,fully_forged,,Generated as a completely forged certificate with subtle inconsistencies.
dataset/real/synthetic_real_0015.jpg,real,synthetic_certificate,none,,Generated privacy-safe certificate image.
dataset/fake/synthetic_fake_0015.jpg,fake,synthetic_certificate_edit,issuer_change,dataset/real/synthetic_real_0015.jpg,Generated by locally editing a synthetic base certificate.
dataset/real/synthetic_real_0016.jpg,real,synthetic_certificate,none,,Generated privacy-safe certificate image.
dataset/fake/synthetic_fake_0016.jpg,fake,synthetic_certificate_forged,fully_forged,,Generated as a completely forged certificate with subtle inconsistencies.
dataset/real/synthetic_real_0017.jpg,real,synthetic_certificate,none,,Generated privacy-safe certificate image.
dataset/fake/synthetic_fake_0017.jpg,fake,synthetic_certificate_edit,award_text_change+body_text_change+issuer_change,dataset/real/synthetic_real_0017.jpg,Generated by locally editing a synthetic base certificate.
dataset/real/synthetic_real_0018.jpg,real,synthetic_certificate,none,,Generated privacy-safe certificate image.
dataset/fake/synthetic_fake_0018.jpg,fake,synthetic_certificate_forged,fully_forged,,Generated as a completely forged certificate with subtle inconsistencies.
dataset/real/synthetic_real_0019.jpg,real,synthetic_certificate,none,,Generated privacy-safe certificate image.
dataset/fake/synthetic_fake_0019.jpg,fake,synthetic_certificate_edit,serial_change+issuer_change,dataset/real/synthetic_real_0019.jpg,Generated by locally editing a synthetic base certificate.
dataset/real/synthetic_real_0020.jpg,real,synthetic_certificate,none,,Generated privacy-safe certificate image.
dataset/fake/synthetic_fake_0020.jpg,fake,synthetic_certificate_forged,fully_forged,,Generated as a completely forged certificate with subtle inconsistencies.
dataset/real/synthetic_real_0021.jpg,real,synthetic_certificate,none,,Generated privacy-safe certificate image.
dataset/fake/synthetic_fake_0021.jpg,fake,synthetic_certificate_edit,seal_shift,dataset/real/synthetic_real_0021.jpg,Generated by locally editing a synthetic base certificate.
dataset/real/synthetic_real_0022.jpg,real,synthetic_certificate,none,,Generated privacy-safe certificate image.
dataset/fake/synthetic_fake_0022.jpg,fake,synthetic_certificate_forged,fully_forged,,Generated as a completely forged certificate with subtle inconsistencies.
dataset/real/synthetic_real_0023.jpg,real,synthetic_certificate,none,,Generated privacy-safe certificate image.
dataset/fake/synthetic_fake_0023.jpg,fake,synthetic_certificate_edit,serial_change+name_change+signature_change,dataset/real/synthetic_real_0023.jpg,Generated by locally editing a synthetic base certificate.
dataset/real/synthetic_real_0024.jpg,real,synthetic_certificate,none,,Generated privacy-safe certificate image.
dataset/fake/synthetic_fake_0024.jpg,fake,synthetic_certificate_forged,fully_forged,,Generated as a completely forged certificate with subtle inconsistencies.
dataset/real/synthetic_real_0025.jpg,real,synthetic_certificate,none,,Generated privacy-safe certificate image.
dataset/fake/synthetic_fake_0025.jpg,fake,synthetic_certificate_edit,signature_change,dataset/real/synthetic_real_0025.jpg,Generated by locally editing a synthetic base certificate.
dataset/real/synthetic_real_0026.jpg,real,synthetic_certificate,none,,Generated privacy-safe certificate image.
dataset/fake/synthetic_fake_0026.jpg,fake,synthetic_certificate_forged,fully_forged,,Generated as a completely forged certificate with subtle inconsistencies.
dataset/real/synthetic_real_0027.jpg,real,synthetic_certificate,none,,Generated privacy-safe certificate image.
dataset/fake/synthetic_fake_0027.jpg,fake,synthetic_certificate_edit,body_text_change+location_change+date_change,dataset/real/synthetic_real_0027.jpg,Generated by locally editing a synthetic base certificate.
dataset/real/synthetic_real_0028.jpg,real,synthetic_certificate,none,,Generated privacy-safe certificate image.
dataset/fake/synthetic_fake_0028.jpg,fake,synthetic_certificate_forged,fully_forged,,Generated as a completely forged certificate with subtle inconsistencies.
dataset/real/synthetic_real_0029.jpg,real,synthetic_certificate,none,,Generated privacy-safe certificate image.
dataset/fake/synthetic_fake_0029.jpg,fake,synthetic_certificate_edit,signature_change+issuer_change,dataset/real/synthetic_real_0029.jpg,Generated by locally editing a synthetic base certificate.
dataset/real/synthetic_real_0030.jpg,real,synthetic_certificate,none,,Generated privacy-safe certificate image.
dataset/fake/synthetic_fake_0030.jpg,fake,synthetic_certificate_forged,fully_forged,,Generated as a completely forged certificate with subtle inconsistencies.
dataset/real/synthetic_real_0031.jpg,real,synthetic_certificate,none,,Generated privacy-safe certificate image.
dataset/fake/synthetic_fake_0031.jpg,fake,synthetic_certificate_edit,issuer_change,dataset/real/synthetic_real_0031.jpg,Generated by locally editing a synthetic base certificate.
dataset/real/synthetic_real_0032.jpg,real,synthetic_certificate,none,,Generated privacy-safe certificate image.
dataset/fake/synthetic_fake_0032.jpg,fake,synthetic_certificate_forged,fully_forged,,Generated as a completely forged certificate with subtle inconsistencies.
dataset/real/synthetic_real_0033.jpg,real,synthetic_certificate,none,,Generated privacy-safe certificate image.
dataset/fake/synthetic_fake_0033.jpg,fake,synthetic_certificate_edit,location_change+name_change+seal_shift,dataset/real/synthetic_real_0033.jpg,Generated by locally editing a synthetic base certificate.
dataset/real/synthetic_real_0034.jpg,real,synthetic_certificate,none,,Generated privacy-safe certificate image.
dataset/fake/synthetic_fake_0034.jpg,fake,synthetic_certificate_forged,fully_forged,,Generated as a completely forged certificate with subtle inconsistencies.
dataset/real/synthetic_real_0035.jpg,real,synthetic_certificate,none,,Generated privacy-safe certificate image.
dataset/fake/synthetic_fake_0035.jpg,fake,synthetic_certificate_edit,issuer_change,dataset/real/synthetic_real_0035.jpg,Generated by locally editing a synthetic base certificate.
dataset/real/synthetic_real_0036.jpg,real,synthetic_certificate,none,,Generated privacy-safe certificate image.
dataset/fake/synthetic_fake_0036.jpg,fake,synthetic_certificate_forged,fully_forged,,Generated as a completely forged certificate with subtle inconsistencies.
dataset/real/synthetic_real_0037.jpg,real,synthetic_certificate,none,,Generated privacy-safe certificate image.
dataset/fake/synthetic_fake_0037.jpg,fake,synthetic_certificate_edit,award_text_change+issuer_change,dataset/real/synthetic_real_0037.jpg,Generated by locally editing a synthetic base certificate.
dataset/real/synthetic_real_0038.jpg,real,synthetic_certificate,none,,Generated privacy-safe certificate image.
dataset/fake/synthetic_fake_0038.jpg,fake,synthetic_certificate_forged,fully_forged,,Generated as a completely forged certificate with subtle inconsistencies.
dataset/real/synthetic_real_0039.jpg,real,synthetic_certificate,none,,Generated privacy-safe certificate image.
dataset/fake/synthetic_fake_0039.jpg,fake,synthetic_certificate_edit,name_change,dataset/real/synthetic_real_0039.jpg,Generated by locally editing a synthetic base certificate.
dataset/real/synthetic_real_0040.jpg,real,synthetic_certificate,none,,Generated privacy-safe certificate image.
dataset/fake/synthetic_fake_0040.jpg,fake,synthetic_certificate_forged,fully_forged,,Generated as a completely forged certificate with subtle inconsistencies.
dataset/real/synthetic_real_0041.jpg,real,synthetic_certificate,none,,Generated privacy-safe certificate image.
dataset/fake/synthetic_fake_0041.jpg,fake,synthetic_certificate_edit,name_change+issuer_change,dataset/real/synthetic_real_0041.jpg,Generated by locally editing a synthetic base certificate.
dataset/real/synthetic_real_0042.jpg,real,synthetic_certificate,none,,Generated privacy-safe certificate image.
dataset/fake/synthetic_fake_0042.jpg,fake,synthetic_certificate_forged,fully_forged,,Generated as a completely forged certificate with subtle inconsistencies.
dataset/real/synthetic_real_0043.jpg,real,synthetic_certificate,none,,Generated privacy-safe certificate image.
dataset/fake/synthetic_fake_0043.jpg,fake,synthetic_certificate_edit,location_change+body_text_change,dataset/real/synthetic_real_0043.jpg,Generated by locally editing a synthetic base certificate.
dataset/real/synthetic_real_0044.jpg,real,synthetic_certificate,none,,Generated privacy-safe certificate image.
dataset/fake/synthetic_fake_0044.jpg,fake,synthetic_certificate_forged,fully_forged,,Generated as a completely forged certificate with subtle inconsistencies.
dataset/real/synthetic_real_0045.jpg,real,synthetic_certificate,none,,Generated privacy-safe certificate image.
dataset/fake/synthetic_fake_0045.jpg,fake,synthetic_certificate_edit,name_change+award_text_change+signature_change,dataset/real/synthetic_real_0045.jpg,Generated by locally editing a synthetic base certificate.
dataset/real/synthetic_real_0046.jpg,real,synthetic_certificate,none,,Generated privacy-safe certificate image.
dataset/fake/synthetic_fake_0046.jpg,fake,synthetic_certificate_forged,fully_forged,,Generated as a completely forged certificate with subtle inconsistencies.
dataset/real/synthetic_real_0047.jpg,real,synthetic_certificate,none,,Generated privacy-safe certificate image.
dataset/fake/synthetic_fake_0047.jpg,fake,synthetic_certificate_edit,issuer_change+seal_shift,dataset/real/synthetic_real_0047.jpg,Generated by locally editing a synthetic base certificate.
dataset/real/synthetic_real_0048.jpg,real,synthetic_certificate,none,,Generated privacy-safe certificate image.
dataset/fake/synthetic_fake_0048.jpg,fake,synthetic_certificate_forged,fully_forged,,Generated as a completely forged certificate with subtle inconsistencies.
dataset/real/synthetic_real_0049.jpg,real,synthetic_certificate,none,,Generated privacy-safe certificate image.
dataset/fake/synthetic_fake_0049.jpg,fake,synthetic_certificate_edit,seal_shift+serial_change,dataset/real/synthetic_real_0049.jpg,Generated by locally editing a synthetic base certificate.
dataset/real/synthetic_real_0050.jpg,real,synthetic_certificate,none,,Generated privacy-safe certificate image.
dataset/fake/synthetic_fake_0050.jpg,fake,synthetic_certificate_forged,fully_forged,,Generated as a completely forged certificate with subtle inconsistencies.
dataset/real/synthetic_real_0051.jpg,real,synthetic_certificate,none,,Generated privacy-safe certificate image.
dataset/fake/synthetic_fake_0051.jpg,fake,synthetic_certificate_edit,date_change,dataset/real/synthetic_real_0051.jpg,Generated by locally editing a synthetic base certificate.
dataset/real/synthetic_real_0052.jpg,real,synthetic_certificate,none,,Generated privacy-safe certificate image.
dataset/fake/synthetic_fake_0052.jpg,fake,synthetic_certificate_forged,fully_forged,,Generated as a completely forged certificate with subtle inconsistencies.
dataset/real/synthetic_real_0053.jpg,real,synthetic_certificate,none,,Generated privacy-safe certificate image.
dataset/fake/synthetic_fake_0053.jpg,fake,synthetic_certificate_edit,serial_change,dataset/real/synthetic_real_0053.jpg,Generated by locally editing a synthetic base certificate.
dataset/real/synthetic_real_0054.jpg,real,synthetic_certificate,none,,Generated privacy-safe certificate image.
dataset/fake/synthetic_fake_0054.jpg,fake,synthetic_certificate_forged,fully_forged,,Generated as a completely forged certificate with subtle inconsistencies.
dataset/real/synthetic_real_0055.jpg,real,synthetic_certificate,none,,Generated privacy-safe certificate image.
dataset/fake/synthetic_fake_0055.jpg,fake,synthetic_certificate_edit,award_text_change+issuer_change+body_text_change,dataset/real/synthetic_real_0055.jpg,Generated by locally editing a synthetic base certificate.
dataset/real/synthetic_real_0056.jpg,real,synthetic_certificate,none,,Generated privacy-safe certificate image.
dataset/fake/synthetic_fake_0056.jpg,fake,synthetic_certificate_forged,fully_forged,,Generated as a completely forged certificate with subtle inconsistencies.
dataset/real/synthetic_real_0057.jpg,real,synthetic_certificate,none,,Generated privacy-safe certificate image.
dataset/fake/synthetic_fake_0057.jpg,fake,synthetic_certificate_edit,award_text_change,dataset/real/synthetic_real_0057.jpg,Generated by locally editing a synthetic base certificate.
dataset/real/synthetic_real_0058.jpg,real,synthetic_certificate,none,,Generated privacy-safe certificate image.
dataset/fake/synthetic_fake_0058.jpg,fake,synthetic_certificate_forged,fully_forged,,Generated as a completely forged certificate with subtle inconsistencies.
dataset/real/synthetic_real_0059.jpg,real,synthetic_certificate,none,,Generated privacy-safe certificate image.
dataset/fake/synthetic_fake_0059.jpg,fake,synthetic_certificate_edit,date_change+body_text_change+issuer_change,dataset/real/synthetic_real_0059.jpg,Generated by locally editing a synthetic base certificate.
dataset/real/synthetic_real_0060.jpg,real,synthetic_certificate,none,,Generated privacy-safe certificate image.
dataset/fake/synthetic_fake_0060.jpg,fake,synthetic_certificate_forged,fully_forged,,Generated as a completely forged certificate with subtle inconsistencies.
dataset/real/synthetic_real_0061.jpg,real,synthetic_certificate,none,,Generated privacy-safe certificate image.
dataset/fake/synthetic_fake_0061.jpg,fake,synthetic_certificate_edit,date_change+name_change,dataset/real/synthetic_real_0061.jpg,Generated by locally editing a synthetic base certificate.
dataset/real/synthetic_real_0062.jpg,real,synthetic_certificate,none,,Generated privacy-safe certificate image.
dataset/fake/synthetic_fake_0062.jpg,fake,synthetic_certificate_forged,fully_forged,,Generated as a completely forged certificate with subtle inconsistencies.
dataset/real/synthetic_real_0063.jpg,real,synthetic_certificate,none,,Generated privacy-safe certificate image.
dataset/fake/synthetic_fake_0063.jpg,fake,synthetic_certificate_edit,signature_change+seal_shift,dataset/real/synthetic_real_0063.jpg,Generated by locally editing a synthetic base certificate.
dataset/real/synthetic_real_0064.jpg,real,synthetic_certificate,none,,Generated privacy-safe certificate image.
dataset/fake/synthetic_fake_0064.jpg,fake,synthetic_certificate_forged,fully_forged,,Generated as a completely forged certificate with subtle inconsistencies.
dataset/real/synthetic_real_0065.jpg,real,synthetic_certificate,none,,Generated privacy-safe certificate image.
dataset/fake/synthetic_fake_0065.jpg,fake,synthetic_certificate_edit,body_text_change,dataset/real/synthetic_real_0065.jpg,Generated by locally editing a synthetic base certificate.
dataset/real/synthetic_real_0066.jpg,real,synthetic_certificate,none,,Generated privacy-safe certificate image.
dataset/fake/synthetic_fake_0066.jpg,fake,synthetic_certificate_forged,fully_forged,,Generated as a completely forged certificate with subtle inconsistencies.
dataset/real/synthetic_real_0067.jpg,real,synthetic_certificate,none,,Generated privacy-safe certificate image.
dataset/fake/synthetic_fake_0067.jpg,fake,synthetic_certificate_edit,body_text_change,dataset/real/synthetic_real_0067.jpg,Generated by locally editing a synthetic base certificate.
dataset/real/synthetic_real_0068.jpg,real,synthetic_certificate,none,,Generated privacy-safe certificate image.
dataset/fake/synthetic_fake_0068.jpg,fake,synthetic_certificate_forged,fully_forged,,Generated as a completely forged certificate with subtle inconsistencies.
dataset/real/synthetic_real_0069.jpg,real,synthetic_certificate,none,,Generated privacy-safe certificate image.
dataset/fake/synthetic_fake_0069.jpg,fake,synthetic_certificate_edit,serial_change+name_change,dataset/real/synthetic_real_0069.jpg,Generated by locally editing a synthetic base certificate.
dataset/real/synthetic_real_0070.jpg,real,synthetic_certificate,none,,Generated privacy-safe certificate image.
dataset/fake/synthetic_fake_0070.jpg,fake,synthetic_certificate_forged,fully_forged,,Generated as a completely forged certificate with subtle inconsistencies.
dataset/real/synthetic_real_0071.jpg,real,synthetic_certificate,none,,Generated privacy-safe certificate image.
dataset/fake/synthetic_fake_0071.jpg,fake,synthetic_certificate_edit,signature_change+name_change,dataset/real/synthetic_real_0071.jpg,Generated by locally editing a synthetic base certificate.
dataset/real/synthetic_real_0072.jpg,real,synthetic_certificate,none,,Generated privacy-safe certificate image.
dataset/fake/synthetic_fake_0072.jpg,fake,synthetic_certificate_forged,fully_forged,,Generated as a completely forged certificate with subtle inconsistencies.
dataset/real/synthetic_real_0073.jpg,real,synthetic_certificate,none,,Generated privacy-safe certificate image.
dataset/fake/synthetic_fake_0073.jpg,fake,synthetic_certificate_edit,location_change+seal_shift,dataset/real/synthetic_real_0073.jpg,Generated by locally editing a synthetic base certificate.
dataset/real/synthetic_real_0074.jpg,real,synthetic_certificate,none,,Generated privacy-safe certificate image.
dataset/fake/synthetic_fake_0074.jpg,fake,synthetic_certificate_forged,fully_forged,,Generated as a completely forged certificate with subtle inconsistencies.
dataset/real/synthetic_real_0075.jpg,real,synthetic_certificate,none,,Generated privacy-safe certificate image.
dataset/fake/synthetic_fake_0075.jpg,fake,synthetic_certificate_edit,award_text_change+serial_change+date_change,dataset/real/synthetic_real_0075.jpg,Generated by locally editing a synthetic base certificate.
dataset/real/synthetic_real_0076.jpg,real,synthetic_certificate,none,,Generated privacy-safe certificate image.
dataset/fake/synthetic_fake_0076.jpg,fake,synthetic_certificate_forged,fully_forged,,Generated as a completely forged certificate with subtle inconsistencies.
dataset/real/synthetic_real_0077.jpg,real,synthetic_certificate,none,,Generated privacy-safe certificate image.
dataset/fake/synthetic_fake_0077.jpg,fake,synthetic_certificate_edit,name_change,dataset/real/synthetic_real_0077.jpg,Generated by locally editing a synthetic base certificate.
dataset/real/synthetic_real_0078.jpg,real,synthetic_certificate,none,,Generated privacy-safe certificate image.
dataset/fake/synthetic_fake_0078.jpg,fake,synthetic_certificate_forged,fully_forged,,Generated as a completely forged certificate with subtle inconsistencies.
dataset/real/synthetic_real_0079.jpg,real,synthetic_certificate,none,,Generated privacy-safe certificate image.
dataset/fake/synthetic_fake_0079.jpg,fake,synthetic_certificate_edit,location_change+date_change+award_text_change,dataset/real/synthetic_real_0079.jpg,Generated by locally editing a synthetic base certificate.
dataset/real/synthetic_real_0080.jpg,real,synthetic_certificate,none,,Generated privacy-safe certificate image.
dataset/fake/synthetic_fake_0080.jpg,fake,synthetic_certificate_forged,fully_forged,,Generated as a completely forged certificate with subtle inconsistencies.
dataset/real/synthetic_real_0081.jpg,real,synthetic_certificate,none,,Generated privacy-safe certificate image.
dataset/fake/synthetic_fake_0081.jpg,fake,synthetic_certificate_edit,serial_change,dataset/real/synthetic_real_0081.jpg,Generated by locally editing a synthetic base certificate.
dataset/real/synthetic_real_0082.jpg,real,synthetic_certificate,none,,Generated privacy-safe certificate image.
dataset/fake/synthetic_fake_0082.jpg,fake,synthetic_certificate_forged,fully_forged,,Generated as a completely forged certificate with subtle inconsistencies.
dataset/real/synthetic_real_0083.jpg,real,synthetic_certificate,none,,Generated privacy-safe certificate image.
dataset/fake/synthetic_fake_0083.jpg,fake,synthetic_certificate_edit,issuer_change+location_change+name_change,dataset/real/synthetic_real_0083.jpg,Generated by locally editing a synthetic base certificate.
dataset/real/synthetic_real_0084.jpg,real,synthetic_certificate,none,,Generated privacy-safe certificate image.
dataset/fake/synthetic_fake_0084.jpg,fake,synthetic_certificate_forged,fully_forged,,Generated as a completely forged certificate with subtle inconsistencies.
dataset/real/synthetic_real_0085.jpg,real,synthetic_certificate,none,,Generated privacy-safe certificate image.
dataset/fake/synthetic_fake_0085.jpg,fake,synthetic_certificate_edit,name_change+location_change,dataset/real/synthetic_real_0085.jpg,Generated by locally editing a synthetic base certificate.
dataset/real/synthetic_real_0086.jpg,real,synthetic_certificate,none,,Generated privacy-safe certificate image.
dataset/fake/synthetic_fake_0086.jpg,fake,synthetic_certificate_forged,fully_forged,,Generated as a completely forged certificate with subtle inconsistencies.
dataset/real/synthetic_real_0087.jpg,real,synthetic_certificate,none,,Generated privacy-safe certificate image.
dataset/fake/synthetic_fake_0087.jpg,fake,synthetic_certificate_edit,date_change,dataset/real/synthetic_real_0087.jpg,Generated by locally editing a synthetic base certificate.
dataset/real/synthetic_real_0088.jpg,real,synthetic_certificate,none,,Generated privacy-safe certificate image.
dataset/fake/synthetic_fake_0088.jpg,fake,synthetic_certificate_forged,fully_forged,,Generated as a completely forged certificate with subtle inconsistencies.
dataset/real/synthetic_real_0089.jpg,real,synthetic_certificate,none,,Generated privacy-safe certificate image.
dataset/fake/synthetic_fake_0089.jpg,fake,synthetic_certificate_edit,location_change,dataset/real/synthetic_real_0089.jpg,Generated by locally editing a synthetic base certificate.
dataset/real/synthetic_real_0090.jpg,real,synthetic_certificate,none,,Generated privacy-safe certificate image.
dataset/fake/synthetic_fake_0090.jpg,fake,synthetic_certificate_forged,fully_forged,,Generated as a completely forged certificate with subtle inconsistencies.
dataset/real/synthetic_real_0091.jpg,real,synthetic_certificate,none,,Generated privacy-safe certificate image.
dataset/fake/synthetic_fake_0091.jpg,fake,synthetic_certificate_edit,body_text_change,dataset/real/synthetic_real_0091.jpg,Generated by locally editing a synthetic base certificate.
dataset/real/synthetic_real_0092.jpg,real,synthetic_certificate,none,,Generated privacy-safe certificate image.
dataset/fake/synthetic_fake_0092.jpg,fake,synthetic_certificate_forged,fully_forged,,Generated as a completely forged certificate with subtle inconsistencies.
dataset/real/synthetic_real_0093.jpg,real,synthetic_certificate,none,,Generated privacy-safe certificate image.
dataset/fake/synthetic_fake_0093.jpg,fake,synthetic_certificate_edit,name_change+location_change,dataset/real/synthetic_real_0093.jpg,Generated by locally editing a synthetic base certificate.
dataset/real/synthetic_real_0094.jpg,real,synthetic_certificate,none,,Generated privacy-safe certificate image.
dataset/fake/synthetic_fake_0094.jpg,fake,synthetic_certificate_forged,fully_forged,,Generated as a completely forged certificate with subtle inconsistencies.
dataset/real/synthetic_real_0095.jpg,real,synthetic_certificate,none,,Generated privacy-safe certificate image.
dataset/fake/synthetic_fake_0095.jpg,fake,synthetic_certificate_edit,seal_shift+date_change,dataset/real/synthetic_real_0095.jpg,Generated by locally editing a synthetic base certificate.
dataset/real/synthetic_real_0096.jpg,real,synthetic_certificate,none,,Generated privacy-safe certificate image.
dataset/fake/synthetic_fake_0096.jpg,fake,synthetic_certificate_forged,fully_forged,,Generated as a completely forged certificate with subtle inconsistencies.
dataset/real/synthetic_real_0097.jpg,real,synthetic_certificate,none,,Generated privacy-safe certificate image.
dataset/fake/synthetic_fake_0097.jpg,fake,synthetic_certificate_edit,serial_change+name_change+body_text_change,dataset/real/synthetic_real_0097.jpg,Generated by locally editing a synthetic base certificate.
dataset/real/synthetic_real_0098.jpg,real,synthetic_certificate,none,,Generated privacy-safe certificate image.
dataset/fake/synthetic_fake_0098.jpg,fake,synthetic_certificate_forged,fully_forged,,Generated as a completely forged certificate with subtle inconsistencies.
dataset/real/synthetic_real_0099.jpg,real,synthetic_certificate,none,,Generated privacy-safe certificate image.
dataset/fake/synthetic_fake_0099.jpg,fake,synthetic_certificate_edit,body_text_change,dataset/real/synthetic_real_0099.jpg,Generated by locally editing a synthetic base certificate.
dataset/real/synthetic_real_0100.jpg,real,synthetic_certificate,none,,Generated privacy-safe certificate image.
dataset/fake/synthetic_fake_0100.jpg,fake,synthetic_certificate_forged,fully_forged,,Generated as a completely forged certificate with subtle inconsistencies.
dataset/real/synthetic_real_0101.jpg,real,synthetic_certificate,none,,Generated privacy-safe certificate image.
dataset/fake/synthetic_fake_0101.jpg,fake,synthetic_certificate_edit,location_change+award_text_change,dataset/real/synthetic_real_0101.jpg,Generated by locally editing a synthetic base certificate.
dataset/real/synthetic_real_0102.jpg,real,synthetic_certificate,none,,Generated privacy-safe certificate image.
dataset/fake/synthetic_fake_0102.jpg,fake,synthetic_certificate_forged,fully_forged,,Generated as a completely forged certificate with subtle inconsistencies.
dataset/real/synthetic_real_0103.jpg,real,synthetic_certificate,none,,Generated privacy-safe certificate image.
dataset/fake/synthetic_fake_0103.jpg,fake,synthetic_certificate_edit,date_change+signature_change,dataset/real/synthetic_real_0103.jpg,Generated by locally editing a synthetic base certificate.
dataset/real/synthetic_real_0104.jpg,real,synthetic_certificate,none,,Generated privacy-safe certificate image.
dataset/fake/synthetic_fake_0104.jpg,fake,synthetic_certificate_forged,fully_forged,,Generated as a completely forged certificate with subtle inconsistencies.
dataset/real/synthetic_real_0105.jpg,real,synthetic_certificate,none,,Generated privacy-safe certificate image.
dataset/fake/synthetic_fake_0105.jpg,fake,synthetic_certificate_edit,name_change+issuer_change,dataset/real/synthetic_real_0105.jpg,Generated by locally editing a synthetic base certificate.
dataset/real/synthetic_real_0106.jpg,real,synthetic_certificate,none,,Generated privacy-safe certificate image.
dataset/fake/synthetic_fake_0106.jpg,fake,synthetic_certificate_forged,fully_forged,,Generated as a completely forged certificate with subtle inconsistencies.
dataset/real/synthetic_real_0107.jpg,real,synthetic_certificate,none,,Generated privacy-safe certificate image.
dataset/fake/synthetic_fake_0107.jpg,fake,synthetic_certificate_edit,seal_shift+date_change+name_change,dataset/real/synthetic_real_0107.jpg,Generated by locally editing a synthetic base certificate.
dataset/real/synthetic_real_0108.jpg,real,synthetic_certificate,none,,Generated privacy-safe certificate image.
dataset/fake/synthetic_fake_0108.jpg,fake,synthetic_certificate_forged,fully_forged,,Generated as a completely forged certificate with subtle inconsistencies.
dataset/real/synthetic_real_0109.jpg,real,synthetic_certificate,none,,Generated privacy-safe certificate image.
dataset/fake/synthetic_fake_0109.jpg,fake,synthetic_certificate_edit,body_text_change,dataset/real/synthetic_real_0109.jpg,Generated by locally editing a synthetic base certificate.
dataset/real/synthetic_real_0110.jpg,real,synthetic_certificate,none,,Generated privacy-safe certificate image.
dataset/fake/synthetic_fake_0110.jpg,fake,synthetic_certificate_forged,fully_forged,,Generated as a completely forged certificate with subtle inconsistencies.
dataset/real/synthetic_real_0111.jpg,real,synthetic_certificate,none,,Generated privacy-safe certificate image.
dataset/fake/synthetic_fake_0111.jpg,fake,synthetic_certificate_edit,date_change+serial_change,dataset/real/synthetic_real_0111.jpg,Generated by locally editing a synthetic base certificate.
dataset/real/synthetic_real_0112.jpg,real,synthetic_certificate,none,,Generated privacy-safe certificate image.
dataset/fake/synthetic_fake_0112.jpg,fake,synthetic_certificate_forged,fully_forged,,Generated as a completely forged certificate with subtle inconsistencies.
dataset/real/synthetic_real_0113.jpg,real,synthetic_certificate,none,,Generated privacy-safe certificate image.
dataset/fake/synthetic_fake_0113.jpg,fake,synthetic_certificate_edit,seal_shift,dataset/real/synthetic_real_0113.jpg,Generated by locally editing a synthetic base certificate.
dataset/real/synthetic_real_0114.jpg,real,synthetic_certificate,none,,Generated privacy-safe certificate image.
dataset/fake/synthetic_fake_0114.jpg,fake,synthetic_certificate_forged,fully_forged,,Generated as a completely forged certificate with subtle inconsistencies.
dataset/real/synthetic_real_0115.jpg,real,synthetic_certificate,none,,Generated privacy-safe certificate image.
dataset/fake/synthetic_fake_0115.jpg,fake,synthetic_certificate_edit,date_change+serial_change+seal_shift,dataset/real/synthetic_real_0115.jpg,Generated by locally editing a synthetic base certificate.
dataset/real/synthetic_real_0116.jpg,real,synthetic_certificate,none,,Generated privacy-safe certificate image.
dataset/fake/synthetic_fake_0116.jpg,fake,synthetic_certificate_forged,fully_forged,,Generated as a completely forged certificate with subtle inconsistencies.
dataset/real/synthetic_real_0117.jpg,real,synthetic_certificate,none,,Generated privacy-safe certificate image.
dataset/fake/synthetic_fake_0117.jpg,fake,synthetic_certificate_edit,date_change,dataset/real/synthetic_real_0117.jpg,Generated by locally editing a synthetic base certificate.
dataset/real/synthetic_real_0118.jpg,real,synthetic_certificate,none,,Generated privacy-safe certificate image.
dataset/fake/synthetic_fake_0118.jpg,fake,synthetic_certificate_forged,fully_forged,,Generated as a completely forged certificate with subtle inconsistencies.
dataset/real/synthetic_real_0119.jpg,real,synthetic_certificate,none,,Generated privacy-safe certificate image.
dataset/fake/synthetic_fake_0119.jpg,fake,synthetic_certificate_edit,location_change+date_change,dataset/real/synthetic_real_0119.jpg,Generated by locally editing a synthetic base certificate.
dataset/real/synthetic_real_0120.jpg,real,synthetic_certificate,none,,Generated privacy-safe certificate image.
dataset/fake/synthetic_fake_0120.jpg,fake,synthetic_certificate_forged,fully_forged,,Generated as a completely forged certificate with subtle inconsistencies.
dataset/real/synthetic_real_0121.jpg,real,synthetic_certificate,none,,Generated privacy-safe certificate image.
dataset/fake/synthetic_fake_0121.jpg,fake,synthetic_certificate_edit,body_text_change+issuer_change,dataset/real/synthetic_real_0121.jpg,Generated by locally editing a synthetic base certificate.
dataset/real/synthetic_real_0122.jpg,real,synthetic_certificate,none,,Generated privacy-safe certificate image.
dataset/fake/synthetic_fake_0122.jpg,fake,synthetic_certificate_forged,fully_forged,,Generated as a completely forged certificate with subtle inconsistencies.
dataset/real/synthetic_real_0123.jpg,real,synthetic_certificate,none,,Generated privacy-safe certificate image.
dataset/fake/synthetic_fake_0123.jpg,fake,synthetic_certificate_edit,date_change+body_text_change+location_change,dataset/real/synthetic_real_0123.jpg,Generated by locally editing a synthetic base certificate.
dataset/real/synthetic_real_0124.jpg,real,synthetic_certificate,none,,Generated privacy-safe certificate image.
dataset/fake/synthetic_fake_0124.jpg,fake,synthetic_certificate_forged,fully_forged,,Generated as a completely forged certificate with subtle inconsistencies.
dataset/real/synthetic_real_0125.jpg,real,synthetic_certificate,none,,Generated privacy-safe certificate image.
dataset/fake/synthetic_fake_0125.jpg,fake,synthetic_certificate_edit,signature_change+name_change,dataset/real/synthetic_real_0125.jpg,Generated by locally editing a synthetic base certificate.
dataset/real/synthetic_real_0126.jpg,real,synthetic_certificate,none,,Generated privacy-safe certificate image.
dataset/fake/synthetic_fake_0126.jpg,fake,synthetic_certificate_forged,fully_forged,,Generated as a completely forged certificate with subtle inconsistencies.
dataset/real/synthetic_real_0127.jpg,real,synthetic_certificate,none,,Generated privacy-safe certificate image.
dataset/fake/synthetic_fake_0127.jpg,fake,synthetic_certificate_edit,location_change+issuer_change,dataset/real/synthetic_real_0127.jpg,Generated by locally editing a synthetic base certificate.
dataset/real/synthetic_real_0128.jpg,real,synthetic_certificate,none,,Generated privacy-safe certificate image.
dataset/fake/synthetic_fake_0128.jpg,fake,synthetic_certificate_forged,fully_forged,,Generated as a completely forged certificate with subtle inconsistencies.
dataset/real/synthetic_real_0129.jpg,real,synthetic_certificate,none,,Generated privacy-safe certificate image.
dataset/fake/synthetic_fake_0129.jpg,fake,synthetic_certificate_edit,award_text_change+seal_shift+issuer_change,dataset/real/synthetic_real_0129.jpg,Generated by locally editing a synthetic base certificate.
dataset/real/synthetic_real_0130.jpg,real,synthetic_certificate,none,,Generated privacy-safe certificate image.
dataset/fake/synthetic_fake_0130.jpg,fake,synthetic_certificate_forged,fully_forged,,Generated as a completely forged certificate with subtle inconsistencies.
dataset/real/synthetic_real_0131.jpg,real,synthetic_certificate,none,,Generated privacy-safe certificate image.
dataset/fake/synthetic_fake_0131.jpg,fake,synthetic_certificate_edit,serial_change,dataset/real/synthetic_real_0131.jpg,Generated by locally editing a synthetic base certificate.
dataset/real/synthetic_real_0132.jpg,real,synthetic_certificate,none,,Generated privacy-safe certificate image.
dataset/fake/synthetic_fake_0132.jpg,fake,synthetic_certificate_forged,fully_forged,,Generated as a completely forged certificate with subtle inconsistencies.
dataset/real/synthetic_real_0133.jpg,real,synthetic_certificate,none,,Generated privacy-safe certificate image.
dataset/fake/synthetic_fake_0133.jpg,fake,synthetic_certificate_edit,date_change+body_text_change+name_change,dataset/real/synthetic_real_0133.jpg,Generated by locally editing a synthetic base certificate.
dataset/real/synthetic_real_0134.jpg,real,synthetic_certificate,none,,Generated privacy-safe certificate image.
dataset/fake/synthetic_fake_0134.jpg,fake,synthetic_certificate_forged,fully_forged,,Generated as a completely forged certificate with subtle inconsistencies.
dataset/real/synthetic_real_0135.jpg,real,synthetic_certificate,none,,Generated privacy-safe certificate image.
dataset/fake/synthetic_fake_0135.jpg,fake,synthetic_certificate_edit,name_change,dataset/real/synthetic_real_0135.jpg,Generated by locally editing a synthetic base certificate.
dataset/real/synthetic_real_0136.jpg,real,synthetic_certificate,none,,Generated privacy-safe certificate image.
dataset/fake/synthetic_fake_0136.jpg,fake,synthetic_certificate_forged,fully_forged,,Generated as a completely forged certificate with subtle inconsistencies.
dataset/real/synthetic_real_0137.jpg,real,synthetic_certificate,none,,Generated privacy-safe certificate image.
dataset/fake/synthetic_fake_0137.jpg,fake,synthetic_certificate_edit,issuer_change+body_text_change+seal_shift,dataset/real/synthetic_real_0137.jpg,Generated by locally editing a synthetic base certificate.
dataset/real/synthetic_real_0138.jpg,real,synthetic_certificate,none,,Generated privacy-safe certificate image.
dataset/fake/synthetic_fake_0138.jpg,fake,synthetic_certificate_forged,fully_forged,,Generated as a completely forged certificate with subtle inconsistencies.
dataset/real/synthetic_real_0139.jpg,real,synthetic_certificate,none,,Generated privacy-safe certificate image.
dataset/fake/synthetic_fake_0139.jpg,fake,synthetic_certificate_edit,body_text_change,dataset/real/synthetic_real_0139.jpg,Generated by locally editing a synthetic base certificate.
dataset/real/synthetic_real_0140.jpg,real,synthetic_certificate,none,,Generated privacy-safe certificate image.
dataset/fake/synthetic_fake_0140.jpg,fake,synthetic_certificate_forged,fully_forged,,Generated as a completely forged certificate with subtle inconsistencies.
dataset/real/synthetic_real_0141.jpg,real,synthetic_certificate,none,,Generated privacy-safe certificate image.
dataset/fake/synthetic_fake_0141.jpg,fake,synthetic_certificate_edit,body_text_change,dataset/real/synthetic_real_0141.jpg,Generated by locally editing a synthetic base certificate.
dataset/real/synthetic_real_0142.jpg,real,synthetic_certificate,none,,Generated privacy-safe certificate image.
dataset/fake/synthetic_fake_0142.jpg,fake,synthetic_certificate_forged,fully_forged,,Generated as a completely forged certificate with subtle inconsistencies.
dataset/real/synthetic_real_0143.jpg,real,synthetic_certificate,none,,Generated privacy-safe certificate image.
dataset/fake/synthetic_fake_0143.jpg,fake,synthetic_certificate_edit,body_text_change,dataset/real/synthetic_real_0143.jpg,Generated by locally editing a synthetic base certificate.
dataset/real/synthetic_real_0144.jpg,real,synthetic_certificate,none,,Generated privacy-safe certificate image.
dataset/fake/synthetic_fake_0144.jpg,fake,synthetic_certificate_forged,fully_forged,,Generated as a completely forged certificate with subtle inconsistencies.
dataset/real/synthetic_real_0145.jpg,real,synthetic_certificate,none,,Generated privacy-safe certificate image.
dataset/fake/synthetic_fake_0145.jpg,fake,synthetic_certificate_edit,award_text_change+date_change+serial_change,dataset/real/synthetic_real_0145.jpg,Generated by locally editing a synthetic base certificate.
dataset/real/synthetic_real_0146.jpg,real,synthetic_certificate,none,,Generated privacy-safe certificate image.
dataset/fake/synthetic_fake_0146.jpg,fake,synthetic_certificate_forged,fully_forged,,Generated as a completely forged certificate with subtle inconsistencies.
dataset/real/synthetic_real_0147.jpg,real,synthetic_certificate,none,,Generated privacy-safe certificate image.
dataset/fake/synthetic_fake_0147.jpg,fake,synthetic_certificate_edit,serial_change+location_change+award_text_change,dataset/real/synthetic_real_0147.jpg,Generated by locally editing a synthetic base certificate.
dataset/real/synthetic_real_0148.jpg,real,synthetic_certificate,none,,Generated privacy-safe certificate image.
dataset/fake/synthetic_fake_0148.jpg,fake,synthetic_certificate_forged,fully_forged,,Generated as a completely forged certificate with subtle inconsistencies.
dataset/real/synthetic_real_0149.jpg,real,synthetic_certificate,none,,Generated privacy-safe certificate image.
dataset/fake/synthetic_fake_0149.jpg,fake,synthetic_certificate_edit,award_text_change,dataset/real/synthetic_real_0149.jpg,Generated by locally editing a synthetic base certificate.
dataset/real/synthetic_real_0150.jpg,real,synthetic_certificate,none,,Generated privacy-safe certificate image.
dataset/fake/synthetic_fake_0150.jpg,fake,synthetic_certificate_forged,fully_forged,,Generated as a completely forged certificate with subtle inconsistencies.
dataset/real/synthetic_real_0151.jpg,real,synthetic_certificate,none,,Generated privacy-safe certificate image.
dataset/fake/synthetic_fake_0151.jpg,fake,synthetic_certificate_edit,location_change+body_text_change+seal_shift,dataset/real/synthetic_real_0151.jpg,Generated by locally editing a synthetic base certificate.
dataset/real/synthetic_real_0152.jpg,real,synthetic_certificate,none,,Generated privacy-safe certificate image.
dataset/fake/synthetic_fake_0152.jpg,fake,synthetic_certificate_forged,fully_forged,,Generated as a completely forged certificate with subtle inconsistencies.
dataset/real/synthetic_real_0153.jpg,real,synthetic_certificate,none,,Generated privacy-safe certificate image.
dataset/fake/synthetic_fake_0153.jpg,fake,synthetic_certificate_edit,seal_shift,dataset/real/synthetic_real_0153.jpg,Generated by locally editing a synthetic base certificate.
dataset/real/synthetic_real_0154.jpg,real,synthetic_certificate,none,,Generated privacy-safe certificate image.
dataset/fake/synthetic_fake_0154.jpg,fake,synthetic_certificate_forged,fully_forged,,Generated as a completely forged certificate with subtle inconsistencies.
dataset/real/synthetic_real_0155.jpg,real,synthetic_certificate,none,,Generated privacy-safe certificate image.
dataset/fake/synthetic_fake_0155.jpg,fake,synthetic_certificate_edit,signature_change,dataset/real/synthetic_real_0155.jpg,Generated by locally editing a synthetic base certificate.
dataset/real/synthetic_real_0156.jpg,real,synthetic_certificate,none,,Generated privacy-safe certificate image.
dataset/fake/synthetic_fake_0156.jpg,fake,synthetic_certificate_forged,fully_forged,,Generated as a completely forged certificate with subtle inconsistencies.
dataset/real/synthetic_real_0157.jpg,real,synthetic_certificate,none,,Generated privacy-safe certificate image.
dataset/fake/synthetic_fake_0157.jpg,fake,synthetic_certificate_edit,body_text_change,dataset/real/synthetic_real_0157.jpg,Generated by locally editing a synthetic base certificate.
dataset/real/synthetic_real_0158.jpg,real,synthetic_certificate,none,,Generated privacy-safe certificate image.
dataset/fake/synthetic_fake_0158.jpg,fake,synthetic_certificate_forged,fully_forged,,Generated as a completely forged certificate with subtle inconsistencies.
dataset/real/synthetic_real_0159.jpg,real,synthetic_certificate,none,,Generated privacy-safe certificate image.
dataset/fake/synthetic_fake_0159.jpg,fake,synthetic_certificate_edit,location_change+seal_shift,dataset/real/synthetic_real_0159.jpg,Generated by locally editing a synthetic base certificate.
dataset/real/synthetic_real_0160.jpg,real,synthetic_certificate,none,,Generated privacy-safe certificate image.
dataset/fake/synthetic_fake_0160.jpg,fake,synthetic_certificate_forged,fully_forged,,Generated as a completely forged certificate with subtle inconsistencies.
dataset/real/synthetic_real_0161.jpg,real,synthetic_certificate,none,,Generated privacy-safe certificate image.
dataset/fake/synthetic_fake_0161.jpg,fake,synthetic_certificate_edit,name_change+award_text_change+seal_shift,dataset/real/synthetic_real_0161.jpg,Generated by locally editing a synthetic base certificate.
dataset/real/synthetic_real_0162.jpg,real,synthetic_certificate,none,,Generated privacy-safe certificate image.
dataset/fake/synthetic_fake_0162.jpg,fake,synthetic_certificate_forged,fully_forged,,Generated as a completely forged certificate with subtle inconsistencies.
dataset/real/synthetic_real_0163.jpg,real,synthetic_certificate,none,,Generated privacy-safe certificate image.
dataset/fake/synthetic_fake_0163.jpg,fake,synthetic_certificate_edit,seal_shift+signature_change,dataset/real/synthetic_real_0163.jpg,Generated by locally editing a synthetic base certificate.
dataset/real/synthetic_real_0164.jpg,real,synthetic_certificate,none,,Generated privacy-safe certificate image.
dataset/fake/synthetic_fake_0164.jpg,fake,synthetic_certificate_forged,fully_forged,,Generated as a completely forged certificate with subtle inconsistencies.
dataset/real/synthetic_real_0165.jpg,real,synthetic_certificate,none,,Generated privacy-safe certificate image.
dataset/fake/synthetic_fake_0165.jpg,fake,synthetic_certificate_edit,signature_change,dataset/real/synthetic_real_0165.jpg,Generated by locally editing a synthetic base certificate.
dataset/real/synthetic_real_0166.jpg,real,synthetic_certificate,none,,Generated privacy-safe certificate image.
dataset/fake/synthetic_fake_0166.jpg,fake,synthetic_certificate_forged,fully_forged,,Generated as a completely forged certificate with subtle inconsistencies.
dataset/real/synthetic_real_0167.jpg,real,synthetic_certificate,none,,Generated privacy-safe certificate image.
dataset/fake/synthetic_fake_0167.jpg,fake,synthetic_certificate_edit,body_text_change+serial_change,dataset/real/synthetic_real_0167.jpg,Generated by locally editing a synthetic base certificate.
dataset/real/synthetic_real_0168.jpg,real,synthetic_certificate,none,,Generated privacy-safe certificate image.
dataset/fake/synthetic_fake_0168.jpg,fake,synthetic_certificate_forged,fully_forged,,Generated as a completely forged certificate with subtle inconsistencies.
dataset/real/synthetic_real_0169.jpg,real,synthetic_certificate,none,,Generated privacy-safe certificate image.
dataset/fake/synthetic_fake_0169.jpg,fake,synthetic_certificate_edit,signature_change,dataset/real/synthetic_real_0169.jpg,Generated by locally editing a synthetic base certificate.
dataset/real/synthetic_real_0170.jpg,real,synthetic_certificate,none,,Generated privacy-safe certificate image.
dataset/fake/synthetic_fake_0170.jpg,fake,synthetic_certificate_forged,fully_forged,,Generated as a completely forged certificate with subtle inconsistencies.
dataset/real/synthetic_real_0171.jpg,real,synthetic_certificate,none,,Generated privacy-safe certificate image.
dataset/fake/synthetic_fake_0171.jpg,fake,synthetic_certificate_edit,serial_change,dataset/real/synthetic_real_0171.jpg,Generated by locally editing a synthetic base certificate.
dataset/real/synthetic_real_0172.jpg,real,synthetic_certificate,none,,Generated privacy-safe certificate image.
dataset/fake/synthetic_fake_0172.jpg,fake,synthetic_certificate_forged,fully_forged,,Generated as a completely forged certificate with subtle inconsistencies.
dataset/real/synthetic_real_0173.jpg,real,synthetic_certificate,none,,Generated privacy-safe certificate image.
dataset/fake/synthetic_fake_0173.jpg,fake,synthetic_certificate_edit,award_text_change,dataset/real/synthetic_real_0173.jpg,Generated by locally editing a synthetic base certificate.
dataset/real/synthetic_real_0174.jpg,real,synthetic_certificate,none,,Generated privacy-safe certificate image.
dataset/fake/synthetic_fake_0174.jpg,fake,synthetic_certificate_forged,fully_forged,,Generated as a completely forged certificate with subtle inconsistencies.
dataset/real/synthetic_real_0175.jpg,real,synthetic_certificate,none,,Generated privacy-safe certificate image.
dataset/fake/synthetic_fake_0175.jpg,fake,synthetic_certificate_edit,serial_change+body_text_change,dataset/real/synthetic_real_0175.jpg,Generated by locally editing a synthetic base certificate.
dataset/real/synthetic_real_0176.jpg,real,synthetic_certificate,none,,Generated privacy-safe certificate image.
dataset/fake/synthetic_fake_0176.jpg,fake,synthetic_certificate_forged,fully_forged,,Generated as a completely forged certificate with subtle inconsistencies.
dataset/real/synthetic_real_0177.jpg,real,synthetic_certificate,none,,Generated privacy-safe certificate image.
dataset/fake/synthetic_fake_0177.jpg,fake,synthetic_certificate_edit,body_text_change+serial_change+award_text_change,dataset/real/synthetic_real_0177.jpg,Generated by locally editing a synthetic base certificate.
dataset/real/synthetic_real_0178.jpg,real,synthetic_certificate,none,,Generated privacy-safe certificate image.
dataset/fake/synthetic_fake_0178.jpg,fake,synthetic_certificate_forged,fully_forged,,Generated as a completely forged certificate with subtle inconsistencies.
dataset/real/synthetic_real_0179.jpg,real,synthetic_certificate,none,,Generated privacy-safe certificate image.
dataset/fake/synthetic_fake_0179.jpg,fake,synthetic_certificate_edit,signature_change+award_text_change,dataset/real/synthetic_real_0179.jpg,Generated by locally editing a synthetic base certificate.
dataset/real/synthetic_real_0180.jpg,real,synthetic_certificate,none,,Generated privacy-safe certificate image.
dataset/fake/synthetic_fake_0180.jpg,fake,synthetic_certificate_forged,fully_forged,,Generated as a completely forged certificate with subtle inconsistencies.
dataset/real/synthetic_real_0181.jpg,real,synthetic_certificate,none,,Generated privacy-safe certificate image.
dataset/fake/synthetic_fake_0181.jpg,fake,synthetic_certificate_edit,body_text_change,dataset/real/synthetic_real_0181.jpg,Generated by locally editing a synthetic base certificate.
dataset/real/synthetic_real_0182.jpg,real,synthetic_certificate,none,,Generated privacy-safe certificate image.
dataset/fake/synthetic_fake_0182.jpg,fake,synthetic_certificate_forged,fully_forged,,Generated as a completely forged certificate with subtle inconsistencies.
dataset/real/synthetic_real_0183.jpg,real,synthetic_certificate,none,,Generated privacy-safe certificate image.
dataset/fake/synthetic_fake_0183.jpg,fake,synthetic_certificate_edit,award_text_change+seal_shift+signature_change,dataset/real/synthetic_real_0183.jpg,Generated by locally editing a synthetic base certificate.
dataset/real/synthetic_real_0184.jpg,real,synthetic_certificate,none,,Generated privacy-safe certificate image.
dataset/fake/synthetic_fake_0184.jpg,fake,synthetic_certificate_forged,fully_forged,,Generated as a completely forged certificate with subtle inconsistencies.
dataset/real/synthetic_real_0185.jpg,real,synthetic_certificate,none,,Generated privacy-safe certificate image.
dataset/fake/synthetic_fake_0185.jpg,fake,synthetic_certificate_edit,body_text_change+signature_change,dataset/real/synthetic_real_0185.jpg,Generated by locally editing a synthetic base certificate.
dataset/real/synthetic_real_0186.jpg,real,synthetic_certificate,none,,Generated privacy-safe certificate image.
dataset/fake/synthetic_fake_0186.jpg,fake,synthetic_certificate_forged,fully_forged,,Generated as a completely forged certificate with subtle inconsistencies.
dataset/real/synthetic_real_0187.jpg,real,synthetic_certificate,none,,Generated privacy-safe certificate image.
dataset/fake/synthetic_fake_0187.jpg,fake,synthetic_certificate_edit,issuer_change+seal_shift,dataset/real/synthetic_real_0187.jpg,Generated by locally editing a synthetic base certificate.
dataset/real/synthetic_real_0188.jpg,real,synthetic_certificate,none,,Generated privacy-safe certificate image.
dataset/fake/synthetic_fake_0188.jpg,fake,synthetic_certificate_forged,fully_forged,,Generated as a completely forged certificate with subtle inconsistencies.
dataset/real/synthetic_real_0189.jpg,real,synthetic_certificate,none,,Generated privacy-safe certificate image.
dataset/fake/synthetic_fake_0189.jpg,fake,synthetic_certificate_edit,date_change+body_text_change,dataset/real/synthetic_real_0189.jpg,Generated by locally editing a synthetic base certificate.
dataset/real/synthetic_real_0190.jpg,real,synthetic_certificate,none,,Generated privacy-safe certificate image.
dataset/fake/synthetic_fake_0190.jpg,fake,synthetic_certificate_forged,fully_forged,,Generated as a completely forged certificate with subtle inconsistencies.
dataset/real/synthetic_real_0191.jpg,real,synthetic_certificate,none,,Generated privacy-safe certificate image.
dataset/fake/synthetic_fake_0191.jpg,fake,synthetic_certificate_edit,body_text_change+signature_change+serial_change,dataset/real/synthetic_real_0191.jpg,Generated by locally editing a synthetic base certificate.
dataset/real/synthetic_real_0192.jpg,real,synthetic_certificate,none,,Generated privacy-safe certificate image.
dataset/fake/synthetic_fake_0192.jpg,fake,synthetic_certificate_forged,fully_forged,,Generated as a completely forged certificate with subtle inconsistencies.
dataset/real/synthetic_real_0193.jpg,real,synthetic_certificate,none,,Generated privacy-safe certificate image.
dataset/fake/synthetic_fake_0193.jpg,fake,synthetic_certificate_edit,seal_shift+body_text_change,dataset/real/synthetic_real_0193.jpg,Generated by locally editing a synthetic base certificate.
dataset/real/synthetic_real_0194.jpg,real,synthetic_certificate,none,,Generated privacy-safe certificate image.
dataset/fake/synthetic_fake_0194.jpg,fake,synthetic_certificate_forged,fully_forged,,Generated as a completely forged certificate with subtle inconsistencies.
dataset/real/synthetic_real_0195.jpg,real,synthetic_certificate,none,,Generated privacy-safe certificate image.
dataset/fake/synthetic_fake_0195.jpg,fake,synthetic_certificate_edit,serial_change+name_change,dataset/real/synthetic_real_0195.jpg,Generated by locally editing a synthetic base certificate.
dataset/real/synthetic_real_0196.jpg,real,synthetic_certificate,none,,Generated privacy-safe certificate image.
dataset/fake/synthetic_fake_0196.jpg,fake,synthetic_certificate_forged,fully_forged,,Generated as a completely forged certificate with subtle inconsistencies.
dataset/real/synthetic_real_0197.jpg,real,synthetic_certificate,none,,Generated privacy-safe certificate image.
dataset/fake/synthetic_fake_0197.jpg,fake,synthetic_certificate_edit,name_change+date_change+serial_change,dataset/real/synthetic_real_0197.jpg,Generated by locally editing a synthetic base certificate.
dataset/real/synthetic_real_0198.jpg,real,synthetic_certificate,none,,Generated privacy-safe certificate image.
dataset/fake/synthetic_fake_0198.jpg,fake,synthetic_certificate_forged,fully_forged,,Generated as a completely forged certificate with subtle inconsistencies.
dataset/real/synthetic_real_0199.jpg,real,synthetic_certificate,none,,Generated privacy-safe certificate image.
dataset/fake/synthetic_fake_0199.jpg,fake,synthetic_certificate_edit,award_text_change,dataset/real/synthetic_real_0199.jpg,Generated by locally editing a synthetic base certificate.
dataset/real/synthetic_real_0200.jpg,real,synthetic_certificate,none,,Generated privacy-safe certificate image.
dataset/fake/synthetic_fake_0200.jpg,fake,synthetic_certificate_forged,fully_forged,,Generated as a completely forged certificate with subtle inconsistencies.
dataset/real/synthetic_real_0201.jpg,real,synthetic_certificate,none,,Generated privacy-safe certificate image.
dataset/fake/synthetic_fake_0201.jpg,fake,synthetic_certificate_edit,issuer_change+award_text_change+date_change,dataset/real/synthetic_real_0201.jpg,Generated by locally editing a synthetic base certificate.
dataset/real/synthetic_real_0202.jpg,real,synthetic_certificate,none,,Generated privacy-safe certificate image.
dataset/fake/synthetic_fake_0202.jpg,fake,synthetic_certificate_forged,fully_forged,,Generated as a completely forged certificate with subtle inconsistencies.
dataset/real/synthetic_real_0203.jpg,real,synthetic_certificate,none,,Generated privacy-safe certificate image.
dataset/fake/synthetic_fake_0203.jpg,fake,synthetic_certificate_edit,award_text_change+seal_shift,dataset/real/synthetic_real_0203.jpg,Generated by locally editing a synthetic base certificate.
dataset/real/synthetic_real_0204.jpg,real,synthetic_certificate,none,,Generated privacy-safe certificate image.
dataset/fake/synthetic_fake_0204.jpg,fake,synthetic_certificate_forged,fully_forged,,Generated as a completely forged certificate with subtle inconsistencies.
dataset/real/synthetic_real_0205.jpg,real,synthetic_certificate,none,,Generated privacy-safe certificate image.
dataset/fake/synthetic_fake_0205.jpg,fake,synthetic_certificate_edit,award_text_change+issuer_change,dataset/real/synthetic_real_0205.jpg,Generated by locally editing a synthetic base certificate.
dataset/real/synthetic_real_0206.jpg,real,synthetic_certificate,none,,Generated privacy-safe certificate image.
dataset/fake/synthetic_fake_0206.jpg,fake,synthetic_certificate_forged,fully_forged,,Generated as a completely forged certificate with subtle inconsistencies.
dataset/real/synthetic_real_0207.jpg,real,synthetic_certificate,none,,Generated privacy-safe certificate image.
dataset/fake/synthetic_fake_0207.jpg,fake,synthetic_certificate_edit,signature_change+seal_shift,dataset/real/synthetic_real_0207.jpg,Generated by locally editing a synthetic base certificate.
dataset/real/synthetic_real_0208.jpg,real,synthetic_certificate,none,,Generated privacy-safe certificate image.
dataset/fake/synthetic_fake_0208.jpg,fake,synthetic_certificate_forged,fully_forged,,Generated as a completely forged certificate with subtle inconsistencies.
dataset/real/synthetic_real_0209.jpg,real,synthetic_certificate,none,,Generated privacy-safe certificate image.
dataset/fake/synthetic_fake_0209.jpg,fake,synthetic_certificate_edit,location_change+seal_shift+signature_change,dataset/real/synthetic_real_0209.jpg,Generated by locally editing a synthetic base certificate.
dataset/real/synthetic_real_0210.jpg,real,synthetic_certificate,none,,Generated privacy-safe certificate image.
dataset/fake/synthetic_fake_0210.jpg,fake,synthetic_certificate_forged,fully_forged,,Generated as a completely forged certificate with subtle inconsistencies.
dataset/real/synthetic_real_0211.jpg,real,synthetic_certificate,none,,Generated privacy-safe certificate image.
dataset/fake/synthetic_fake_0211.jpg,fake,synthetic_certificate_edit,issuer_change+seal_shift+serial_change,dataset/real/synthetic_real_0211.jpg,Generated by locally editing a synthetic base certificate.
dataset/real/synthetic_real_0212.jpg,real,synthetic_certificate,none,,Generated privacy-safe certificate image.
dataset/fake/synthetic_fake_0212.jpg,fake,synthetic_certificate_forged,fully_forged,,Generated as a completely forged certificate with subtle inconsistencies.
dataset/real/synthetic_real_0213.jpg,real,synthetic_certificate,none,,Generated privacy-safe certificate image.
dataset/fake/synthetic_fake_0213.jpg,fake,synthetic_certificate_edit,location_change+serial_change,dataset/real/synthetic_real_0213.jpg,Generated by locally editing a synthetic base certificate.
dataset/real/synthetic_real_0214.jpg,real,synthetic_certificate,none,,Generated privacy-safe certificate image.
dataset/fake/synthetic_fake_0214.jpg,fake,synthetic_certificate_forged,fully_forged,,Generated as a completely forged certificate with subtle inconsistencies.
dataset/real/synthetic_real_0215.jpg,real,synthetic_certificate,none,,Generated privacy-safe certificate image.
dataset/fake/synthetic_fake_0215.jpg,fake,synthetic_certificate_edit,serial_change+award_text_change,dataset/real/synthetic_real_0215.jpg,Generated by locally editing a synthetic base certificate.
dataset/real/synthetic_real_0216.jpg,real,synthetic_certificate,none,,Generated privacy-safe certificate image.
dataset/fake/synthetic_fake_0216.jpg,fake,synthetic_certificate_forged,fully_forged,,Generated as a completely forged certificate with subtle inconsistencies.
dataset/real/synthetic_real_0217.jpg,real,synthetic_certificate,none,,Generated privacy-safe certificate image.
dataset/fake/synthetic_fake_0217.jpg,fake,synthetic_certificate_edit,signature_change+body_text_change,dataset/real/synthetic_real_0217.jpg,Generated by locally editing a synthetic base certificate.
dataset/real/synthetic_real_0218.jpg,real,synthetic_certificate,none,,Generated privacy-safe certificate image.
dataset/fake/synthetic_fake_0218.jpg,fake,synthetic_certificate_forged,fully_forged,,Generated as a completely forged certificate with subtle inconsistencies.
dataset/real/synthetic_real_0219.jpg,real,synthetic_certificate,none,,Generated privacy-safe certificate image.
dataset/fake/synthetic_fake_0219.jpg,fake,synthetic_certificate_edit,signature_change+date_change,dataset/real/synthetic_real_0219.jpg,Generated by locally editing a synthetic base certificate.
dataset/real/synthetic_real_0220.jpg,real,synthetic_certificate,none,,Generated privacy-safe certificate image.
dataset/fake/synthetic_fake_0220.jpg,fake,synthetic_certificate_forged,fully_forged,,Generated as a completely forged certificate with subtle inconsistencies.
dataset/real/synthetic_real_0221.jpg,real,synthetic_certificate,none,,Generated privacy-safe certificate image.
dataset/fake/synthetic_fake_0221.jpg,fake,synthetic_certificate_edit,signature_change+location_change,dataset/real/synthetic_real_0221.jpg,Generated by locally editing a synthetic base certificate.
dataset/real/synthetic_real_0222.jpg,real,synthetic_certificate,none,,Generated privacy-safe certificate image.
dataset/fake/synthetic_fake_0222.jpg,fake,synthetic_certificate_forged,fully_forged,,Generated as a completely forged certificate with subtle inconsistencies.
dataset/real/synthetic_real_0223.jpg,real,synthetic_certificate,none,,Generated privacy-safe certificate image.
dataset/fake/synthetic_fake_0223.jpg,fake,synthetic_certificate_edit,award_text_change,dataset/real/synthetic_real_0223.jpg,Generated by locally editing a synthetic base certificate.
dataset/real/synthetic_real_0224.jpg,real,synthetic_certificate,none,,Generated privacy-safe certificate image.
dataset/fake/synthetic_fake_0224.jpg,fake,synthetic_certificate_forged,fully_forged,,Generated as a completely forged certificate with subtle inconsistencies.
dataset/real/synthetic_real_0225.jpg,real,synthetic_certificate,none,,Generated privacy-safe certificate image.
dataset/fake/synthetic_fake_0225.jpg,fake,synthetic_certificate_edit,signature_change+issuer_change+name_change,dataset/real/synthetic_real_0225.jpg,Generated by locally editing a synthetic base certificate.
dataset/real/synthetic_real_0226.jpg,real,synthetic_certificate,none,,Generated privacy-safe certificate image.
dataset/fake/synthetic_fake_0226.jpg,fake,synthetic_certificate_forged,fully_forged,,Generated as a completely forged certificate with subtle inconsistencies.
dataset/real/synthetic_real_0227.jpg,real,synthetic_certificate,none,,Generated privacy-safe certificate image.
dataset/fake/synthetic_fake_0227.jpg,fake,synthetic_certificate_edit,issuer_change+signature_change,dataset/real/synthetic_real_0227.jpg,Generated by locally editing a synthetic base certificate.
dataset/real/synthetic_real_0228.jpg,real,synthetic_certificate,none,,Generated privacy-safe certificate image.
dataset/fake/synthetic_fake_0228.jpg,fake,synthetic_certificate_forged,fully_forged,,Generated as a completely forged certificate with subtle inconsistencies.
dataset/real/synthetic_real_0229.jpg,real,synthetic_certificate,none,,Generated privacy-safe certificate image.
dataset/fake/synthetic_fake_0229.jpg,fake,synthetic_certificate_edit,serial_change+body_text_change,dataset/real/synthetic_real_0229.jpg,Generated by locally editing a synthetic base certificate.
dataset/real/synthetic_real_0230.jpg,real,synthetic_certificate,none,,Generated privacy-safe certificate image.
dataset/fake/synthetic_fake_0230.jpg,fake,synthetic_certificate_forged,fully_forged,,Generated as a completely forged certificate with subtle inconsistencies.
dataset/real/synthetic_real_0231.jpg,real,synthetic_certificate,none,,Generated privacy-safe certificate image.
dataset/fake/synthetic_fake_0231.jpg,fake,synthetic_certificate_edit,signature_change+serial_change,dataset/real/synthetic_real_0231.jpg,Generated by locally editing a synthetic base certificate.
dataset/real/synthetic_real_0232.jpg,real,synthetic_certificate,none,,Generated privacy-safe certificate image.
dataset/fake/synthetic_fake_0232.jpg,fake,synthetic_certificate_forged,fully_forged,,Generated as a completely forged certificate with subtle inconsistencies.
dataset/real/synthetic_real_0233.jpg,real,synthetic_certificate,none,,Generated privacy-safe certificate image.
dataset/fake/synthetic_fake_0233.jpg,fake,synthetic_certificate_edit,location_change,dataset/real/synthetic_real_0233.jpg,Generated by locally editing a synthetic base certificate.
dataset/real/synthetic_real_0234.jpg,real,synthetic_certificate,none,,Generated privacy-safe certificate image.
dataset/fake/synthetic_fake_0234.jpg,fake,synthetic_certificate_forged,fully_forged,,Generated as a completely forged certificate with subtle inconsistencies.
dataset/real/synthetic_real_0235.jpg,real,synthetic_certificate,none,,Generated privacy-safe certificate image.
dataset/fake/synthetic_fake_0235.jpg,fake,synthetic_certificate_edit,date_change+location_change+body_text_change,dataset/real/synthetic_real_0235.jpg,Generated by locally editing a synthetic base certificate.
dataset/real/synthetic_real_0236.jpg,real,synthetic_certificate,none,,Generated privacy-safe certificate image.
dataset/fake/synthetic_fake_0236.jpg,fake,synthetic_certificate_forged,fully_forged,,Generated as a completely forged certificate with subtle inconsistencies.
dataset/real/synthetic_real_0237.jpg,real,synthetic_certificate,none,,Generated privacy-safe certificate image.
dataset/fake/synthetic_fake_0237.jpg,fake,synthetic_certificate_edit,issuer_change+award_text_change+date_change,dataset/real/synthetic_real_0237.jpg,Generated by locally editing a synthetic base certificate.
dataset/real/synthetic_real_0238.jpg,real,synthetic_certificate,none,,Generated privacy-safe certificate image.
dataset/fake/synthetic_fake_0238.jpg,fake,synthetic_certificate_forged,fully_forged,,Generated as a completely forged certificate with subtle inconsistencies.
dataset/real/synthetic_real_0239.jpg,real,synthetic_certificate,none,,Generated privacy-safe certificate image.
dataset/fake/synthetic_fake_0239.jpg,fake,synthetic_certificate_edit,date_change+seal_shift+signature_change,dataset/real/synthetic_real_0239.jpg,Generated by locally editing a synthetic base certificate.
dataset/real/synthetic_real_0240.jpg,real,synthetic_certificate,none,,Generated privacy-safe certificate image.
dataset/fake/synthetic_fake_0240.jpg,fake,synthetic_certificate_forged,fully_forged,,Generated as a completely forged certificate with subtle inconsistencies.
dataset/real/synthetic_real_0241.jpg,real,synthetic_certificate,none,,Generated privacy-safe certificate image.
dataset/fake/synthetic_fake_0241.jpg,fake,synthetic_certificate_edit,location_change,dataset/real/synthetic_real_0241.jpg,Generated by locally editing a synthetic base certificate.
dataset/real/synthetic_real_0242.jpg,real,synthetic_certificate,none,,Generated privacy-safe certificate image.
dataset/fake/synthetic_fake_0242.jpg,fake,synthetic_certificate_forged,fully_forged,,Generated as a completely forged certificate with subtle inconsistencies.
dataset/real/synthetic_real_0243.jpg,real,synthetic_certificate,none,,Generated privacy-safe certificate image.
dataset/fake/synthetic_fake_0243.jpg,fake,synthetic_certificate_edit,seal_shift+serial_change,dataset/real/synthetic_real_0243.jpg,Generated by locally editing a synthetic base certificate.
dataset/real/synthetic_real_0244.jpg,real,synthetic_certificate,none,,Generated privacy-safe certificate image.
dataset/fake/synthetic_fake_0244.jpg,fake,synthetic_certificate_forged,fully_forged,,Generated as a completely forged certificate with subtle inconsistencies.
dataset/real/synthetic_real_0245.jpg,real,synthetic_certificate,none,,Generated privacy-safe certificate image.
dataset/fake/synthetic_fake_0245.jpg,fake,synthetic_certificate_edit,seal_shift+award_text_change+signature_change,dataset/real/synthetic_real_0245.jpg,Generated by locally editing a synthetic base certificate.
dataset/real/synthetic_real_0246.jpg,real,synthetic_certificate,none,,Generated privacy-safe certificate image.
dataset/fake/synthetic_fake_0246.jpg,fake,synthetic_certificate_forged,fully_forged,,Generated as a completely forged certificate with subtle inconsistencies.
dataset/real/synthetic_real_0247.jpg,real,synthetic_certificate,none,,Generated privacy-safe certificate image.
dataset/fake/synthetic_fake_0247.jpg,fake,synthetic_certificate_edit,serial_change+award_text_change+name_change,dataset/real/synthetic_real_0247.jpg,Generated by locally editing a synthetic base certificate.
dataset/real/synthetic_real_0248.jpg,real,synthetic_certificate,none,,Generated privacy-safe certificate image.
dataset/fake/synthetic_fake_0248.jpg,fake,synthetic_certificate_forged,fully_forged,,Generated as a completely forged certificate with subtle inconsistencies.
dataset/real/synthetic_real_0249.jpg,real,synthetic_certificate,none,,Generated privacy-safe certificate image.
dataset/fake/synthetic_fake_0249.jpg,fake,synthetic_certificate_edit,body_text_change,dataset/real/synthetic_real_0249.jpg,Generated by locally editing a synthetic base certificate.
dataset/real/synthetic_real_0250.jpg,real,synthetic_certificate,none,,Generated privacy-safe certificate image.
dataset/fake/synthetic_fake_0250.jpg,fake,synthetic_certificate_forged,fully_forged,,Generated as a completely forged certificate with subtle inconsistencies.
dataset/real/synthetic_real_0251.jpg,real,synthetic_certificate,none,,Generated privacy-safe certificate image.
dataset/fake/synthetic_fake_0251.jpg,fake,synthetic_certificate_edit,serial_change+location_change,dataset/real/synthetic_real_0251.jpg,Generated by locally editing a synthetic base certificate.
dataset/real/synthetic_real_0252.jpg,real,synthetic_certificate,none,,Generated privacy-safe certificate image.
dataset/fake/synthetic_fake_0252.jpg,fake,synthetic_certificate_forged,fully_forged,,Generated as a completely forged certificate with subtle inconsistencies.
dataset/real/synthetic_real_0253.jpg,real,synthetic_certificate,none,,Generated privacy-safe certificate image.
dataset/fake/synthetic_fake_0253.jpg,fake,synthetic_certificate_edit,name_change,dataset/real/synthetic_real_0253.jpg,Generated by locally editing a synthetic base certificate.
dataset/real/synthetic_real_0254.jpg,real,synthetic_certificate,none,,Generated privacy-safe certificate image.
dataset/fake/synthetic_fake_0254.jpg,fake,synthetic_certificate_forged,fully_forged,,Generated as a completely forged certificate with subtle inconsistencies.
dataset/real/synthetic_real_0255.jpg,real,synthetic_certificate,none,,Generated privacy-safe certificate image.
dataset/fake/synthetic_fake_0255.jpg,fake,synthetic_certificate_edit,name_change+date_change+issuer_change,dataset/real/synthetic_real_0255.jpg,Generated by locally editing a synthetic base certificate.
dataset/real/synthetic_real_0256.jpg,real,synthetic_certificate,none,,Generated privacy-safe certificate image.
dataset/fake/synthetic_fake_0256.jpg,fake,synthetic_certificate_forged,fully_forged,,Generated as a completely forged certificate with subtle inconsistencies.
dataset/real/synthetic_real_0257.jpg,real,synthetic_certificate,none,,Generated privacy-safe certificate image.
dataset/fake/synthetic_fake_0257.jpg,fake,synthetic_certificate_edit,award_text_change+date_change+signature_change,dataset/real/synthetic_real_0257.jpg,Generated by locally editing a synthetic base certificate.
dataset/real/synthetic_real_0258.jpg,real,synthetic_certificate,none,,Generated privacy-safe certificate image.
dataset/fake/synthetic_fake_0258.jpg,fake,synthetic_certificate_forged,fully_forged,,Generated as a completely forged certificate with subtle inconsistencies.
dataset/real/synthetic_real_0259.jpg,real,synthetic_certificate,none,,Generated privacy-safe certificate image.
dataset/fake/synthetic_fake_0259.jpg,fake,synthetic_certificate_edit,seal_shift+body_text_change,dataset/real/synthetic_real_0259.jpg,Generated by locally editing a synthetic base certificate.
dataset/real/synthetic_real_0260.jpg,real,synthetic_certificate,none,,Generated privacy-safe certificate image.
dataset/fake/synthetic_fake_0260.jpg,fake,synthetic_certificate_forged,fully_forged,,Generated as a completely forged certificate with subtle inconsistencies.
dataset/real/synthetic_real_0261.jpg,real,synthetic_certificate,none,,Generated privacy-safe certificate image.
dataset/fake/synthetic_fake_0261.jpg,fake,synthetic_certificate_edit,award_text_change,dataset/real/synthetic_real_0261.jpg,Generated by locally editing a synthetic base certificate.
dataset/real/synthetic_real_0262.jpg,real,synthetic_certificate,none,,Generated privacy-safe certificate image.
dataset/fake/synthetic_fake_0262.jpg,fake,synthetic_certificate_forged,fully_forged,,Generated as a completely forged certificate with subtle inconsistencies.
dataset/real/synthetic_real_0263.jpg,real,synthetic_certificate,none,,Generated privacy-safe certificate image.
dataset/fake/synthetic_fake_0263.jpg,fake,synthetic_certificate_edit,award_text_change+location_change+seal_shift,dataset/real/synthetic_real_0263.jpg,Generated by locally editing a synthetic base certificate.
dataset/real/synthetic_real_0264.jpg,real,synthetic_certificate,none,,Generated privacy-safe certificate image.
dataset/fake/synthetic_fake_0264.jpg,fake,synthetic_certificate_forged,fully_forged,,Generated as a completely forged certificate with subtle inconsistencies.
dataset/real/synthetic_real_0265.jpg,real,synthetic_certificate,none,,Generated privacy-safe certificate image.
dataset/fake/synthetic_fake_0265.jpg,fake,synthetic_certificate_edit,seal_shift,dataset/real/synthetic_real_0265.jpg,Generated by locally editing a synthetic base certificate.
dataset/real/synthetic_real_0266.jpg,real,synthetic_certificate,none,,Generated privacy-safe certificate image.
dataset/fake/synthetic_fake_0266.jpg,fake,synthetic_certificate_forged,fully_forged,,Generated as a completely forged certificate with subtle inconsistencies.
dataset/real/synthetic_real_0267.jpg,real,synthetic_certificate,none,,Generated privacy-safe certificate image.
dataset/fake/synthetic_fake_0267.jpg,fake,synthetic_certificate_edit,issuer_change+signature_change,dataset/real/synthetic_real_0267.jpg,Generated by locally editing a synthetic base certificate.
dataset/real/synthetic_real_0268.jpg,real,synthetic_certificate,none,,Generated privacy-safe certificate image.
dataset/fake/synthetic_fake_0268.jpg,fake,synthetic_certificate_forged,fully_forged,,Generated as a completely forged certificate with subtle inconsistencies.
dataset/real/synthetic_real_0269.jpg,real,synthetic_certificate,none,,Generated privacy-safe certificate image.
dataset/fake/synthetic_fake_0269.jpg,fake,synthetic_certificate_edit,signature_change,dataset/real/synthetic_real_0269.jpg,Generated by locally editing a synthetic base certificate.
dataset/real/synthetic_real_0270.jpg,real,synthetic_certificate,none,,Generated privacy-safe certificate image.
dataset/fake/synthetic_fake_0270.jpg,fake,synthetic_certificate_forged,fully_forged,,Generated as a completely forged certificate with subtle inconsistencies.
dataset/real/synthetic_real_0271.jpg,real,synthetic_certificate,none,,Generated privacy-safe certificate image.
dataset/fake/synthetic_fake_0271.jpg,fake,synthetic_certificate_edit,date_change+issuer_change+serial_change,dataset/real/synthetic_real_0271.jpg,Generated by locally editing a synthetic base certificate.
dataset/real/synthetic_real_0272.jpg,real,synthetic_certificate,none,,Generated privacy-safe certificate image.
dataset/fake/synthetic_fake_0272.jpg,fake,synthetic_certificate_forged,fully_forged,,Generated as a completely forged certificate with subtle inconsistencies.
dataset/real/synthetic_real_0273.jpg,real,synthetic_certificate,none,,Generated privacy-safe certificate image.
dataset/fake/synthetic_fake_0273.jpg,fake,synthetic_certificate_edit,serial_change+signature_change+seal_shift,dataset/real/synthetic_real_0273.jpg,Generated by locally editing a synthetic base certificate.
dataset/real/synthetic_real_0274.jpg,real,synthetic_certificate,none,,Generated privacy-safe certificate image.
dataset/fake/synthetic_fake_0274.jpg,fake,synthetic_certificate_forged,fully_forged,,Generated as a completely forged certificate with subtle inconsistencies.
dataset/real/synthetic_real_0275.jpg,real,synthetic_certificate,none,,Generated privacy-safe certificate image.
dataset/fake/synthetic_fake_0275.jpg,fake,synthetic_certificate_edit,body_text_change+issuer_change,dataset/real/synthetic_real_0275.jpg,Generated by locally editing a synthetic base certificate.
dataset/real/synthetic_real_0276.jpg,real,synthetic_certificate,none,,Generated privacy-safe certificate image.
dataset/fake/synthetic_fake_0276.jpg,fake,synthetic_certificate_forged,fully_forged,,Generated as a completely forged certificate with subtle inconsistencies.
dataset/real/synthetic_real_0277.jpg,real,synthetic_certificate,none,,Generated privacy-safe certificate image.
dataset/fake/synthetic_fake_0277.jpg,fake,synthetic_certificate_edit,award_text_change+name_change+date_change,dataset/real/synthetic_real_0277.jpg,Generated by locally editing a synthetic base certificate.
dataset/real/synthetic_real_0278.jpg,real,synthetic_certificate,none,,Generated privacy-safe certificate image.
dataset/fake/synthetic_fake_0278.jpg,fake,synthetic_certificate_forged,fully_forged,,Generated as a completely forged certificate with subtle inconsistencies.
dataset/real/synthetic_real_0279.jpg,real,synthetic_certificate,none,,Generated privacy-safe certificate image.
dataset/fake/synthetic_fake_0279.jpg,fake,synthetic_certificate_edit,seal_shift+date_change,dataset/real/synthetic_real_0279.jpg,Generated by locally editing a synthetic base certificate.
dataset/real/synthetic_real_0280.jpg,real,synthetic_certificate,none,,Generated privacy-safe certificate image.
dataset/fake/synthetic_fake_0280.jpg,fake,synthetic_certificate_forged,fully_forged,,Generated as a completely forged certificate with subtle inconsistencies.
dataset/real/synthetic_real_0281.jpg,real,synthetic_certificate,none,,Generated privacy-safe certificate image.
dataset/fake/synthetic_fake_0281.jpg,fake,synthetic_certificate_edit,signature_change+date_change,dataset/real/synthetic_real_0281.jpg,Generated by locally editing a synthetic base certificate.
dataset/real/synthetic_real_0282.jpg,real,synthetic_certificate,none,,Generated privacy-safe certificate image.
dataset/fake/synthetic_fake_0282.jpg,fake,synthetic_certificate_forged,fully_forged,,Generated as a completely forged certificate with subtle inconsistencies.
dataset/real/synthetic_real_0283.jpg,real,synthetic_certificate,none,,Generated privacy-safe certificate image.
dataset/fake/synthetic_fake_0283.jpg,fake,synthetic_certificate_edit,name_change+location_change,dataset/real/synthetic_real_0283.jpg,Generated by locally editing a synthetic base certificate.
dataset/real/synthetic_real_0284.jpg,real,synthetic_certificate,none,,Generated privacy-safe certificate image.
dataset/fake/synthetic_fake_0284.jpg,fake,synthetic_certificate_forged,fully_forged,,Generated as a completely forged certificate with subtle inconsistencies.
dataset/real/synthetic_real_0285.jpg,real,synthetic_certificate,none,,Generated privacy-safe certificate image.
dataset/fake/synthetic_fake_0285.jpg,fake,synthetic_certificate_edit,location_change,dataset/real/synthetic_real_0285.jpg,Generated by locally editing a synthetic base certificate.
dataset/real/synthetic_real_0286.jpg,real,synthetic_certificate,none,,Generated privacy-safe certificate image.
dataset/fake/synthetic_fake_0286.jpg,fake,synthetic_certificate_forged,fully_forged,,Generated as a completely forged certificate with subtle inconsistencies.
dataset/real/synthetic_real_0287.jpg,real,synthetic_certificate,none,,Generated privacy-safe certificate image.
dataset/fake/synthetic_fake_0287.jpg,fake,synthetic_certificate_edit,date_change+location_change,dataset/real/synthetic_real_0287.jpg,Generated by locally editing a synthetic base certificate.
dataset/real/synthetic_real_0288.jpg,real,synthetic_certificate,none,,Generated privacy-safe certificate image.
dataset/fake/synthetic_fake_0288.jpg,fake,synthetic_certificate_forged,fully_forged,,Generated as a completely forged certificate with subtle inconsistencies.
dataset/real/synthetic_real_0289.jpg,real,synthetic_certificate,none,,Generated privacy-safe certificate image.
dataset/fake/synthetic_fake_0289.jpg,fake,synthetic_certificate_edit,body_text_change+seal_shift,dataset/real/synthetic_real_0289.jpg,Generated by locally editing a synthetic base certificate.
dataset/real/synthetic_real_0290.jpg,real,synthetic_certificate,none,,Generated privacy-safe certificate image.
dataset/fake/synthetic_fake_0290.jpg,fake,synthetic_certificate_forged,fully_forged,,Generated as a completely forged certificate with subtle inconsistencies.
dataset/real/synthetic_real_0291.jpg,real,synthetic_certificate,none,,Generated privacy-safe certificate image.
dataset/fake/synthetic_fake_0291.jpg,fake,synthetic_certificate_edit,signature_change,dataset/real/synthetic_real_0291.jpg,Generated by locally editing a synthetic base certificate.
dataset/real/synthetic_real_0292.jpg,real,synthetic_certificate,none,,Generated privacy-safe certificate image.
dataset/fake/synthetic_fake_0292.jpg,fake,synthetic_certificate_forged,fully_forged,,Generated as a completely forged certificate with subtle inconsistencies.
dataset/real/synthetic_real_0293.jpg,real,synthetic_certificate,none,,Generated privacy-safe certificate image.
dataset/fake/synthetic_fake_0293.jpg,fake,synthetic_certificate_edit,award_text_change+seal_shift,dataset/real/synthetic_real_0293.jpg,Generated by locally editing a synthetic base certificate.
dataset/real/synthetic_real_0294.jpg,real,synthetic_certificate,none,,Generated privacy-safe certificate image.
dataset/fake/synthetic_fake_0294.jpg,fake,synthetic_certificate_forged,fully_forged,,Generated as a completely forged certificate with subtle inconsistencies.
dataset/real/synthetic_real_0295.jpg,real,synthetic_certificate,none,,Generated privacy-safe certificate image.
dataset/fake/synthetic_fake_0295.jpg,fake,synthetic_certificate_edit,name_change+issuer_change+seal_shift,dataset/real/synthetic_real_0295.jpg,Generated by locally editing a synthetic base certificate.
dataset/real/synthetic_real_0296.jpg,real,synthetic_certificate,none,,Generated privacy-safe certificate image.
dataset/fake/synthetic_fake_0296.jpg,fake,synthetic_certificate_forged,fully_forged,,Generated as a completely forged certificate with subtle inconsistencies.
dataset/real/synthetic_real_0297.jpg,real,synthetic_certificate,none,,Generated privacy-safe certificate image.
dataset/fake/synthetic_fake_0297.jpg,fake,synthetic_certificate_edit,date_change,dataset/real/synthetic_real_0297.jpg,Generated by locally editing a synthetic base certificate.
dataset/real/synthetic_real_0298.jpg,real,synthetic_certificate,none,,Generated privacy-safe certificate image.
dataset/fake/synthetic_fake_0298.jpg,fake,synthetic_certificate_forged,fully_forged,,Generated as a completely forged certificate with subtle inconsistencies.
dataset/real/synthetic_real_0299.jpg,real,synthetic_certificate,none,,Generated privacy-safe certificate image.
dataset/fake/synthetic_fake_0299.jpg,fake,synthetic_certificate_edit,signature_change+location_change+issuer_change,dataset/real/synthetic_real_0299.jpg,Generated by locally editing a synthetic base certificate.
dataset/real/synthetic_real_0300.jpg,real,synthetic_certificate,none,,Generated privacy-safe certificate image.
dataset/fake/synthetic_fake_0300.jpg,fake,synthetic_certificate_forged,fully_forged,,Generated as a completely forged certificate with subtle inconsistencies.
dataset/real/synthetic_real_0301.jpg,real,synthetic_certificate,none,,Generated privacy-safe certificate image.
dataset/fake/synthetic_fake_0301.jpg,fake,synthetic_certificate_edit,name_change,dataset/real/synthetic_real_0301.jpg,Generated by locally editing a synthetic base certificate.
dataset/real/synthetic_real_0302.jpg,real,synthetic_certificate,none,,Generated privacy-safe certificate image.
dataset/fake/synthetic_fake_0302.jpg,fake,synthetic_certificate_forged,fully_forged,,Generated as a completely forged certificate with subtle inconsistencies.
dataset/real/synthetic_real_0303.jpg,real,synthetic_certificate,none,,Generated privacy-safe certificate image.
dataset/fake/synthetic_fake_0303.jpg,fake,synthetic_certificate_edit,award_text_change+issuer_change+name_change,dataset/real/synthetic_real_0303.jpg,Generated by locally editing a synthetic base certificate.
dataset/real/synthetic_real_0304.jpg,real,synthetic_certificate,none,,Generated privacy-safe certificate image.
dataset/fake/synthetic_fake_0304.jpg,fake,synthetic_certificate_forged,fully_forged,,Generated as a completely forged certificate with subtle inconsistencies.
dataset/real/synthetic_real_0305.jpg,real,synthetic_certificate,none,,Generated privacy-safe certificate image.
dataset/fake/synthetic_fake_0305.jpg,fake,synthetic_certificate_edit,name_change+location_change,dataset/real/synthetic_real_0305.jpg,Generated by locally editing a synthetic base certificate.
dataset/real/synthetic_real_0306.jpg,real,synthetic_certificate,none,,Generated privacy-safe certificate image.
dataset/fake/synthetic_fake_0306.jpg,fake,synthetic_certificate_forged,fully_forged,,Generated as a completely forged certificate with subtle inconsistencies.
dataset/real/synthetic_real_0307.jpg,real,synthetic_certificate,none,,Generated privacy-safe certificate image.
dataset/fake/synthetic_fake_0307.jpg,fake,synthetic_certificate_edit,award_text_change+serial_change,dataset/real/synthetic_real_0307.jpg,Generated by locally editing a synthetic base certificate.
dataset/real/synthetic_real_0308.jpg,real,synthetic_certificate,none,,Generated privacy-safe certificate image.
dataset/fake/synthetic_fake_0308.jpg,fake,synthetic_certificate_forged,fully_forged,,Generated as a completely forged certificate with subtle inconsistencies.
dataset/real/synthetic_real_0309.jpg,real,synthetic_certificate,none,,Generated privacy-safe certificate image.
dataset/fake/synthetic_fake_0309.jpg,fake,synthetic_certificate_edit,name_change,dataset/real/synthetic_real_0309.jpg,Generated by locally editing a synthetic base certificate.
dataset/real/synthetic_real_0310.jpg,real,synthetic_certificate,none,,Generated privacy-safe certificate image.
dataset/fake/synthetic_fake_0310.jpg,fake,synthetic_certificate_forged,fully_forged,,Generated as a completely forged certificate with subtle inconsistencies.
dataset/real/synthetic_real_0311.jpg,real,synthetic_certificate,none,,Generated privacy-safe certificate image.
dataset/fake/synthetic_fake_0311.jpg,fake,synthetic_certificate_edit,serial_change+signature_change+location_change,dataset/real/synthetic_real_0311.jpg,Generated by locally editing a synthetic base certificate.
dataset/real/synthetic_real_0312.jpg,real,synthetic_certificate,none,,Generated privacy-safe certificate image.
dataset/fake/synthetic_fake_0312.jpg,fake,synthetic_certificate_forged,fully_forged,,Generated as a completely forged certificate with subtle inconsistencies.
dataset/real/synthetic_real_0313.jpg,real,synthetic_certificate,none,,Generated privacy-safe certificate image.
dataset/fake/synthetic_fake_0313.jpg,fake,synthetic_certificate_edit,issuer_change+award_text_change,dataset/real/synthetic_real_0313.jpg,Generated by locally editing a synthetic base certificate.
dataset/real/synthetic_real_0314.jpg,real,synthetic_certificate,none,,Generated privacy-safe certificate image.
dataset/fake/synthetic_fake_0314.jpg,fake,synthetic_certificate_forged,fully_forged,,Generated as a completely forged certificate with subtle inconsistencies.
dataset/real/synthetic_real_0315.jpg,real,synthetic_certificate,none,,Generated privacy-safe certificate image.
dataset/fake/synthetic_fake_0315.jpg,fake,synthetic_certificate_edit,seal_shift+name_change+serial_change,dataset/real/synthetic_real_0315.jpg,Generated by locally editing a synthetic base certificate.
dataset/real/synthetic_real_0316.jpg,real,synthetic_certificate,none,,Generated privacy-safe certificate image.
dataset/fake/synthetic_fake_0316.jpg,fake,synthetic_certificate_forged,fully_forged,,Generated as a completely forged certificate with subtle inconsistencies.
dataset/real/synthetic_real_0317.jpg,real,synthetic_certificate,none,,Generated privacy-safe certificate image.
dataset/fake/synthetic_fake_0317.jpg,fake,synthetic_certificate_edit,name_change+issuer_change,dataset/real/synthetic_real_0317.jpg,Generated by locally editing a synthetic base certificate.
dataset/real/synthetic_real_0318.jpg,real,synthetic_certificate,none,,Generated privacy-safe certificate image.
dataset/fake/synthetic_fake_0318.jpg,fake,synthetic_certificate_forged,fully_forged,,Generated as a completely forged certificate with subtle inconsistencies.
dataset/real/synthetic_real_0319.jpg,real,synthetic_certificate,none,,Generated privacy-safe certificate image.
dataset/fake/synthetic_fake_0319.jpg,fake,synthetic_certificate_edit,signature_change,dataset/real/synthetic_real_0319.jpg,Generated by locally editing a synthetic base certificate.
dataset/real/synthetic_real_0320.jpg,real,synthetic_certificate,none,,Generated privacy-safe certificate image.
dataset/fake/synthetic_fake_0320.jpg,fake,synthetic_certificate_forged,fully_forged,,Generated as a completely forged certificate with subtle inconsistencies.
dataset/real/synthetic_real_0321.jpg,real,synthetic_certificate,none,,Generated privacy-safe certificate image.
dataset/fake/synthetic_fake_0321.jpg,fake,synthetic_certificate_edit,seal_shift,dataset/real/synthetic_real_0321.jpg,Generated by locally editing a synthetic base certificate.
dataset/real/synthetic_real_0322.jpg,real,synthetic_certificate,none,,Generated privacy-safe certificate image.
dataset/fake/synthetic_fake_0322.jpg,fake,synthetic_certificate_forged,fully_forged,,Generated as a completely forged certificate with subtle inconsistencies.
dataset/real/synthetic_real_0323.jpg,real,synthetic_certificate,none,,Generated privacy-safe certificate image.
dataset/fake/synthetic_fake_0323.jpg,fake,synthetic_certificate_edit,signature_change,dataset/real/synthetic_real_0323.jpg,Generated by locally editing a synthetic base certificate.
dataset/real/synthetic_real_0324.jpg,real,synthetic_certificate,none,,Generated privacy-safe certificate image.
dataset/fake/synthetic_fake_0324.jpg,fake,synthetic_certificate_forged,fully_forged,,Generated as a completely forged certificate with subtle inconsistencies.
dataset/real/synthetic_real_0325.jpg,real,synthetic_certificate,none,,Generated privacy-safe certificate image.
dataset/fake/synthetic_fake_0325.jpg,fake,synthetic_certificate_edit,issuer_change+signature_change+name_change,dataset/real/synthetic_real_0325.jpg,Generated by locally editing a synthetic base certificate.
dataset/real/synthetic_real_0326.jpg,real,synthetic_certificate,none,,Generated privacy-safe certificate image.
dataset/fake/synthetic_fake_0326.jpg,fake,synthetic_certificate_forged,fully_forged,,Generated as a completely forged certificate with subtle inconsistencies.
dataset/real/synthetic_real_0327.jpg,real,synthetic_certificate,none,,Generated privacy-safe certificate image.
dataset/fake/synthetic_fake_0327.jpg,fake,synthetic_certificate_edit,date_change+location_change,dataset/real/synthetic_real_0327.jpg,Generated by locally editing a synthetic base certificate.
dataset/real/synthetic_real_0328.jpg,real,synthetic_certificate,none,,Generated privacy-safe certificate image.
dataset/fake/synthetic_fake_0328.jpg,fake,synthetic_certificate_forged,fully_forged,,Generated as a completely forged certificate with subtle inconsistencies.
dataset/real/synthetic_real_0329.jpg,real,synthetic_certificate,none,,Generated privacy-safe certificate image.
dataset/fake/synthetic_fake_0329.jpg,fake,synthetic_certificate_edit,signature_change,dataset/real/synthetic_real_0329.jpg,Generated by locally editing a synthetic base certificate.
dataset/real/synthetic_real_0330.jpg,real,synthetic_certificate,none,,Generated privacy-safe certificate image.
dataset/fake/synthetic_fake_0330.jpg,fake,synthetic_certificate_forged,fully_forged,,Generated as a completely forged certificate with subtle inconsistencies.
dataset/real/synthetic_real_0331.jpg,real,synthetic_certificate,none,,Generated privacy-safe certificate image.
dataset/fake/synthetic_fake_0331.jpg,fake,synthetic_certificate_edit,award_text_change+body_text_change+location_change,dataset/real/synthetic_real_0331.jpg,Generated by locally editing a synthetic base certificate.
dataset/real/synthetic_real_0332.jpg,real,synthetic_certificate,none,,Generated privacy-safe certificate image.
dataset/fake/synthetic_fake_0332.jpg,fake,synthetic_certificate_forged,fully_forged,,Generated as a completely forged certificate with subtle inconsistencies.
dataset/real/synthetic_real_0333.jpg,real,synthetic_certificate,none,,Generated privacy-safe certificate image.
dataset/fake/synthetic_fake_0333.jpg,fake,synthetic_certificate_edit,body_text_change+award_text_change+location_change,dataset/real/synthetic_real_0333.jpg,Generated by locally editing a synthetic base certificate.
dataset/real/synthetic_real_0334.jpg,real,synthetic_certificate,none,,Generated privacy-safe certificate image.
dataset/fake/synthetic_fake_0334.jpg,fake,synthetic_certificate_forged,fully_forged,,Generated as a completely forged certificate with subtle inconsistencies.
dataset/real/synthetic_real_0335.jpg,real,synthetic_certificate,none,,Generated privacy-safe certificate image.
dataset/fake/synthetic_fake_0335.jpg,fake,synthetic_certificate_edit,date_change+signature_change+seal_shift,dataset/real/synthetic_real_0335.jpg,Generated by locally editing a synthetic base certificate.
dataset/real/synthetic_real_0336.jpg,real,synthetic_certificate,none,,Generated privacy-safe certificate image.
dataset/fake/synthetic_fake_0336.jpg,fake,synthetic_certificate_forged,fully_forged,,Generated as a completely forged certificate with subtle inconsistencies.
dataset/real/synthetic_real_0337.jpg,real,synthetic_certificate,none,,Generated privacy-safe certificate image.
dataset/fake/synthetic_fake_0337.jpg,fake,synthetic_certificate_edit,signature_change+name_change,dataset/real/synthetic_real_0337.jpg,Generated by locally editing a synthetic base certificate.
dataset/real/synthetic_real_0338.jpg,real,synthetic_certificate,none,,Generated privacy-safe certificate image.
dataset/fake/synthetic_fake_0338.jpg,fake,synthetic_certificate_forged,fully_forged,,Generated as a completely forged certificate with subtle inconsistencies.
dataset/real/synthetic_real_0339.jpg,real,synthetic_certificate,none,,Generated privacy-safe certificate image.
dataset/fake/synthetic_fake_0339.jpg,fake,synthetic_certificate_edit,serial_change+location_change+signature_change,dataset/real/synthetic_real_0339.jpg,Generated by locally editing a synthetic base certificate.
dataset/real/synthetic_real_0340.jpg,real,synthetic_certificate,none,,Generated privacy-safe certificate image.
dataset/fake/synthetic_fake_0340.jpg,fake,synthetic_certificate_forged,fully_forged,,Generated as a completely forged certificate with subtle inconsistencies.
dataset/real/synthetic_real_0341.jpg,real,synthetic_certificate,none,,Generated privacy-safe certificate image.
dataset/fake/synthetic_fake_0341.jpg,fake,synthetic_certificate_edit,name_change+location_change,dataset/real/synthetic_real_0341.jpg,Generated by locally editing a synthetic base certificate.
dataset/real/synthetic_real_0342.jpg,real,synthetic_certificate,none,,Generated privacy-safe certificate image.
dataset/fake/synthetic_fake_0342.jpg,fake,synthetic_certificate_forged,fully_forged,,Generated as a completely forged certificate with subtle inconsistencies.
dataset/real/synthetic_real_0343.jpg,real,synthetic_certificate,none,,Generated privacy-safe certificate image.
dataset/fake/synthetic_fake_0343.jpg,fake,synthetic_certificate_edit,body_text_change+signature_change,dataset/real/synthetic_real_0343.jpg,Generated by locally editing a synthetic base certificate.
dataset/real/synthetic_real_0344.jpg,real,synthetic_certificate,none,,Generated privacy-safe certificate image.
dataset/fake/synthetic_fake_0344.jpg,fake,synthetic_certificate_forged,fully_forged,,Generated as a completely forged certificate with subtle inconsistencies.
dataset/real/synthetic_real_0345.jpg,real,synthetic_certificate,none,,Generated privacy-safe certificate image.
dataset/fake/synthetic_fake_0345.jpg,fake,synthetic_certificate_edit,body_text_change+signature_change,dataset/real/synthetic_real_0345.jpg,Generated by locally editing a synthetic base certificate.
dataset/real/synthetic_real_0346.jpg,real,synthetic_certificate,none,,Generated privacy-safe certificate image.
dataset/fake/synthetic_fake_0346.jpg,fake,synthetic_certificate_forged,fully_forged,,Generated as a completely forged certificate with subtle inconsistencies.
dataset/real/synthetic_real_0347.jpg,real,synthetic_certificate,none,,Generated privacy-safe certificate image.
dataset/fake/synthetic_fake_0347.jpg,fake,synthetic_certificate_edit,seal_shift,dataset/real/synthetic_real_0347.jpg,Generated by locally editing a synthetic base certificate.
dataset/real/synthetic_real_0348.jpg,real,synthetic_certificate,none,,Generated privacy-safe certificate image.
dataset/fake/synthetic_fake_0348.jpg,fake,synthetic_certificate_forged,fully_forged,,Generated as a completely forged certificate with subtle inconsistencies.
dataset/real/synthetic_real_0349.jpg,real,synthetic_certificate,none,,Generated privacy-safe certificate image.
dataset/fake/synthetic_fake_0349.jpg,fake,synthetic_certificate_edit,body_text_change+location_change,dataset/real/synthetic_real_0349.jpg,Generated by locally editing a synthetic base certificate.
dataset/real/synthetic_real_0350.jpg,real,synthetic_certificate,none,,Generated privacy-safe certificate image.
dataset/fake/synthetic_fake_0350.jpg,fake,synthetic_certificate_forged,fully_forged,,Generated as a completely forged certificate with subtle inconsistencies.
dataset/real/synthetic_real_0351.jpg,real,synthetic_certificate,none,,Generated privacy-safe certificate image.
dataset/fake/synthetic_fake_0351.jpg,fake,synthetic_certificate_edit,body_text_change,dataset/real/synthetic_real_0351.jpg,Generated by locally editing a synthetic base certificate.
dataset/real/synthetic_real_0352.jpg,real,synthetic_certificate,none,,Generated privacy-safe certificate image.
dataset/fake/synthetic_fake_0352.jpg,fake,synthetic_certificate_forged,fully_forged,,Generated as a completely forged certificate with subtle inconsistencies.
dataset/real/synthetic_real_0353.jpg,real,synthetic_certificate,none,,Generated privacy-safe certificate image.
dataset/fake/synthetic_fake_0353.jpg,fake,synthetic_certificate_edit,body_text_change,dataset/real/synthetic_real_0353.jpg,Generated by locally editing a synthetic base certificate.
dataset/real/synthetic_real_0354.jpg,real,synthetic_certificate,none,,Generated privacy-safe certificate image.
dataset/fake/synthetic_fake_0354.jpg,fake,synthetic_certificate_forged,fully_forged,,Generated as a completely forged certificate with subtle inconsistencies.
dataset/real/synthetic_real_0355.jpg,real,synthetic_certificate,none,,Generated privacy-safe certificate image.
dataset/fake/synthetic_fake_0355.jpg,fake,synthetic_certificate_edit,body_text_change+award_text_change+name_change,dataset/real/synthetic_real_0355.jpg,Generated by locally editing a synthetic base certificate.
dataset/real/synthetic_real_0356.jpg,real,synthetic_certificate,none,,Generated privacy-safe certificate image.
dataset/fake/synthetic_fake_0356.jpg,fake,synthetic_certificate_forged,fully_forged,,Generated as a completely forged certificate with subtle inconsistencies.
dataset/real/synthetic_real_0357.jpg,real,synthetic_certificate,none,,Generated privacy-safe certificate image.
dataset/fake/synthetic_fake_0357.jpg,fake,synthetic_certificate_edit,signature_change+serial_change,dataset/real/synthetic_real_0357.jpg,Generated by locally editing a synthetic base certificate.
dataset/real/synthetic_real_0358.jpg,real,synthetic_certificate,none,,Generated privacy-safe certificate image.
dataset/fake/synthetic_fake_0358.jpg,fake,synthetic_certificate_forged,fully_forged,,Generated as a completely forged certificate with subtle inconsistencies.
dataset/real/synthetic_real_0359.jpg,real,synthetic_certificate,none,,Generated privacy-safe certificate image.
dataset/fake/synthetic_fake_0359.jpg,fake,synthetic_certificate_edit,serial_change+name_change,dataset/real/synthetic_real_0359.jpg,Generated by locally editing a synthetic base certificate.
dataset/real/synthetic_real_0360.jpg,real,synthetic_certificate,none,,Generated privacy-safe certificate image.
dataset/fake/synthetic_fake_0360.jpg,fake,synthetic_certificate_forged,fully_forged,,Generated as a completely forged certificate with subtle inconsistencies.
dataset/real/synthetic_real_0361.jpg,real,synthetic_certificate,none,,Generated privacy-safe certificate image.
dataset/fake/synthetic_fake_0361.jpg,fake,synthetic_certificate_edit,name_change+issuer_change+date_change,dataset/real/synthetic_real_0361.jpg,Generated by locally editing a synthetic base certificate.
dataset/real/synthetic_real_0362.jpg,real,synthetic_certificate,none,,Generated privacy-safe certificate image.
dataset/fake/synthetic_fake_0362.jpg,fake,synthetic_certificate_forged,fully_forged,,Generated as a completely forged certificate with subtle inconsistencies.
dataset/real/synthetic_real_0363.jpg,real,synthetic_certificate,none,,Generated privacy-safe certificate image.
dataset/fake/synthetic_fake_0363.jpg,fake,synthetic_certificate_edit,name_change,dataset/real/synthetic_real_0363.jpg,Generated by locally editing a synthetic base certificate.
dataset/real/synthetic_real_0364.jpg,real,synthetic_certificate,none,,Generated privacy-safe certificate image.
dataset/fake/synthetic_fake_0364.jpg,fake,synthetic_certificate_forged,fully_forged,,Generated as a completely forged certificate with subtle inconsistencies.
dataset/real/synthetic_real_0365.jpg,real,synthetic_certificate,none,,Generated privacy-safe certificate image.
dataset/fake/synthetic_fake_0365.jpg,fake,synthetic_certificate_edit,serial_change+name_change+award_text_change,dataset/real/synthetic_real_0365.jpg,Generated by locally editing a synthetic base certificate.
dataset/real/synthetic_real_0366.jpg,real,synthetic_certificate,none,,Generated privacy-safe certificate image.
dataset/fake/synthetic_fake_0366.jpg,fake,synthetic_certificate_forged,fully_forged,,Generated as a completely forged certificate with subtle inconsistencies.
dataset/real/synthetic_real_0367.jpg,real,synthetic_certificate,none,,Generated privacy-safe certificate image.
dataset/fake/synthetic_fake_0367.jpg,fake,synthetic_certificate_edit,award_text_change+body_text_change,dataset/real/synthetic_real_0367.jpg,Generated by locally editing a synthetic base certificate.
dataset/real/synthetic_real_0368.jpg,real,synthetic_certificate,none,,Generated privacy-safe certificate image.
dataset/fake/synthetic_fake_0368.jpg,fake,synthetic_certificate_forged,fully_forged,,Generated as a completely forged certificate with subtle inconsistencies.
dataset/real/synthetic_real_0369.jpg,real,synthetic_certificate,none,,Generated privacy-safe certificate image.
dataset/fake/synthetic_fake_0369.jpg,fake,synthetic_certificate_edit,signature_change+issuer_change,dataset/real/synthetic_real_0369.jpg,Generated by locally editing a synthetic base certificate.
dataset/real/synthetic_real_0370.jpg,real,synthetic_certificate,none,,Generated privacy-safe certificate image.
dataset/fake/synthetic_fake_0370.jpg,fake,synthetic_certificate_forged,fully_forged,,Generated as a completely forged certificate with subtle inconsistencies.
dataset/real/synthetic_real_0371.jpg,real,synthetic_certificate,none,,Generated privacy-safe certificate image.
dataset/fake/synthetic_fake_0371.jpg,fake,synthetic_certificate_edit,seal_shift+name_change+issuer_change,dataset/real/synthetic_real_0371.jpg,Generated by locally editing a synthetic base certificate.
dataset/real/synthetic_real_0372.jpg,real,synthetic_certificate,none,,Generated privacy-safe certificate image.
dataset/fake/synthetic_fake_0372.jpg,fake,synthetic_certificate_forged,fully_forged,,Generated as a completely forged certificate with subtle inconsistencies.
dataset/real/synthetic_real_0373.jpg,real,synthetic_certificate,none,,Generated privacy-safe certificate image.
dataset/fake/synthetic_fake_0373.jpg,fake,synthetic_certificate_edit,location_change,dataset/real/synthetic_real_0373.jpg,Generated by locally editing a synthetic base certificate.
dataset/real/synthetic_real_0374.jpg,real,synthetic_certificate,none,,Generated privacy-safe certificate image.
dataset/fake/synthetic_fake_0374.jpg,fake,synthetic_certificate_forged,fully_forged,,Generated as a completely forged certificate with subtle inconsistencies.
dataset/real/synthetic_real_0375.jpg,real,synthetic_certificate,none,,Generated privacy-safe certificate image.
dataset/fake/synthetic_fake_0375.jpg,fake,synthetic_certificate_edit,seal_shift+body_text_change+issuer_change,dataset/real/synthetic_real_0375.jpg,Generated by locally editing a synthetic base certificate.
dataset/real/synthetic_real_0376.jpg,real,synthetic_certificate,none,,Generated privacy-safe certificate image.
dataset/fake/synthetic_fake_0376.jpg,fake,synthetic_certificate_forged,fully_forged,,Generated as a completely forged certificate with subtle inconsistencies.
dataset/real/synthetic_real_0377.jpg,real,synthetic_certificate,none,,Generated privacy-safe certificate image.
dataset/fake/synthetic_fake_0377.jpg,fake,synthetic_certificate_edit,issuer_change+location_change+name_change,dataset/real/synthetic_real_0377.jpg,Generated by locally editing a synthetic base certificate.
dataset/real/synthetic_real_0378.jpg,real,synthetic_certificate,none,,Generated privacy-safe certificate image.
dataset/fake/synthetic_fake_0378.jpg,fake,synthetic_certificate_forged,fully_forged,,Generated as a completely forged certificate with subtle inconsistencies.
dataset/real/synthetic_real_0379.jpg,real,synthetic_certificate,none,,Generated privacy-safe certificate image.
dataset/fake/synthetic_fake_0379.jpg,fake,synthetic_certificate_edit,signature_change+date_change,dataset/real/synthetic_real_0379.jpg,Generated by locally editing a synthetic base certificate.
dataset/real/synthetic_real_0380.jpg,real,synthetic_certificate,none,,Generated privacy-safe certificate image.
dataset/fake/synthetic_fake_0380.jpg,fake,synthetic_certificate_forged,fully_forged,,Generated as a completely forged certificate with subtle inconsistencies.
dataset/real/synthetic_real_0381.jpg,real,synthetic_certificate,none,,Generated privacy-safe certificate image.
dataset/fake/synthetic_fake_0381.jpg,fake,synthetic_certificate_edit,signature_change+issuer_change+body_text_change,dataset/real/synthetic_real_0381.jpg,Generated by locally editing a synthetic base certificate.
dataset/real/synthetic_real_0382.jpg,real,synthetic_certificate,none,,Generated privacy-safe certificate image.
dataset/fake/synthetic_fake_0382.jpg,fake,synthetic_certificate_forged,fully_forged,,Generated as a completely forged certificate with subtle inconsistencies.
dataset/real/synthetic_real_0383.jpg,real,synthetic_certificate,none,,Generated privacy-safe certificate image.
dataset/fake/synthetic_fake_0383.jpg,fake,synthetic_certificate_edit,issuer_change+seal_shift+signature_change,dataset/real/synthetic_real_0383.jpg,Generated by locally editing a synthetic base certificate.
dataset/real/synthetic_real_0384.jpg,real,synthetic_certificate,none,,Generated privacy-safe certificate image.
dataset/fake/synthetic_fake_0384.jpg,fake,synthetic_certificate_forged,fully_forged,,Generated as a completely forged certificate with subtle inconsistencies.
dataset/real/synthetic_real_0385.jpg,real,synthetic_certificate,none,,Generated privacy-safe certificate image.
dataset/fake/synthetic_fake_0385.jpg,fake,synthetic_certificate_edit,body_text_change,dataset/real/synthetic_real_0385.jpg,Generated by locally editing a synthetic base certificate.
dataset/real/synthetic_real_0386.jpg,real,synthetic_certificate,none,,Generated privacy-safe certificate image.
dataset/fake/synthetic_fake_0386.jpg,fake,synthetic_certificate_forged,fully_forged,,Generated as a completely forged certificate with subtle inconsistencies.
dataset/real/synthetic_real_0387.jpg,real,synthetic_certificate,none,,Generated privacy-safe certificate image.
dataset/fake/synthetic_fake_0387.jpg,fake,synthetic_certificate_edit,body_text_change+location_change+serial_change,dataset/real/synthetic_real_0387.jpg,Generated by locally editing a synthetic base certificate.
dataset/real/synthetic_real_0388.jpg,real,synthetic_certificate,none,,Generated privacy-safe certificate image.
dataset/fake/synthetic_fake_0388.jpg,fake,synthetic_certificate_forged,fully_forged,,Generated as a completely forged certificate with subtle inconsistencies.
dataset/real/synthetic_real_0389.jpg,real,synthetic_certificate,none,,Generated privacy-safe certificate image.
dataset/fake/synthetic_fake_0389.jpg,fake,synthetic_certificate_edit,location_change+issuer_change,dataset/real/synthetic_real_0389.jpg,Generated by locally editing a synthetic base certificate.
dataset/real/synthetic_real_0390.jpg,real,synthetic_certificate,none,,Generated privacy-safe certificate image.
dataset/fake/synthetic_fake_0390.jpg,fake,synthetic_certificate_forged,fully_forged,,Generated as a completely forged certificate with subtle inconsistencies.
dataset/real/synthetic_real_0391.jpg,real,synthetic_certificate,none,,Generated privacy-safe certificate image.
dataset/fake/synthetic_fake_0391.jpg,fake,synthetic_certificate_edit,location_change+name_change,dataset/real/synthetic_real_0391.jpg,Generated by locally editing a synthetic base certificate.
dataset/real/synthetic_real_0392.jpg,real,synthetic_certificate,none,,Generated privacy-safe certificate image.
dataset/fake/synthetic_fake_0392.jpg,fake,synthetic_certificate_forged,fully_forged,,Generated as a completely forged certificate with subtle inconsistencies.
dataset/real/synthetic_real_0393.jpg,real,synthetic_certificate,none,,Generated privacy-safe certificate image.
dataset/fake/synthetic_fake_0393.jpg,fake,synthetic_certificate_edit,serial_change,dataset/real/synthetic_real_0393.jpg,Generated by locally editing a synthetic base certificate.
dataset/real/synthetic_real_0394.jpg,real,synthetic_certificate,none,,Generated privacy-safe certificate image.
dataset/fake/synthetic_fake_0394.jpg,fake,synthetic_certificate_forged,fully_forged,,Generated as a completely forged certificate with subtle inconsistencies.
dataset/real/synthetic_real_0395.jpg,real,synthetic_certificate,none,,Generated privacy-safe certificate image.
dataset/fake/synthetic_fake_0395.jpg,fake,synthetic_certificate_edit,name_change,dataset/real/synthetic_real_0395.jpg,Generated by locally editing a synthetic base certificate.
dataset/real/synthetic_real_0396.jpg,real,synthetic_certificate,none,,Generated privacy-safe certificate image.
dataset/fake/synthetic_fake_0396.jpg,fake,synthetic_certificate_forged,fully_forged,,Generated as a completely forged certificate with subtle inconsistencies.
dataset/real/synthetic_real_0397.jpg,real,synthetic_certificate,none,,Generated privacy-safe certificate image.
dataset/fake/synthetic_fake_0397.jpg,fake,synthetic_certificate_edit,signature_change+seal_shift,dataset/real/synthetic_real_0397.jpg,Generated by locally editing a synthetic base certificate.
dataset/real/synthetic_real_0398.jpg,real,synthetic_certificate,none,,Generated privacy-safe certificate image.
dataset/fake/synthetic_fake_0398.jpg,fake,synthetic_certificate_forged,fully_forged,,Generated as a completely forged certificate with subtle inconsistencies.
dataset/real/synthetic_real_0399.jpg,real,synthetic_certificate,none,,Generated privacy-safe certificate image.
dataset/fake/synthetic_fake_0399.jpg,fake,synthetic_certificate_edit,serial_change+body_text_change,dataset/real/synthetic_real_0399.jpg,Generated by locally editing a synthetic base certificate.
dataset/real/synthetic_real_0400.jpg,real,synthetic_certificate,none,,Generated privacy-safe certificate image.
dataset/fake/synthetic_fake_0400.jpg,fake,synthetic_certificate_forged,fully_forged,,Generated as a completely forged certificate with subtle inconsistencies.
dataset/real/synthetic_real_0401.jpg,real,synthetic_certificate,none,,Generated privacy-safe certificate image.
dataset/fake/synthetic_fake_0401.jpg,fake,synthetic_certificate_edit,body_text_change+name_change,dataset/real/synthetic_real_0401.jpg,Generated by locally editing a synthetic base certificate.
dataset/real/synthetic_real_0402.jpg,real,synthetic_certificate,none,,Generated privacy-safe certificate image.
dataset/fake/synthetic_fake_0402.jpg,fake,synthetic_certificate_forged,fully_forged,,Generated as a completely forged certificate with subtle inconsistencies.
dataset/real/synthetic_real_0403.jpg,real,synthetic_certificate,none,,Generated privacy-safe certificate image.
dataset/fake/synthetic_fake_0403.jpg,fake,synthetic_certificate_edit,date_change+signature_change,dataset/real/synthetic_real_0403.jpg,Generated by locally editing a synthetic base certificate.
dataset/real/synthetic_real_0404.jpg,real,synthetic_certificate,none,,Generated privacy-safe certificate image.
dataset/fake/synthetic_fake_0404.jpg,fake,synthetic_certificate_forged,fully_forged,,Generated as a completely forged certificate with subtle inconsistencies.
dataset/real/synthetic_real_0405.jpg,real,synthetic_certificate,none,,Generated privacy-safe certificate image.
dataset/fake/synthetic_fake_0405.jpg,fake,synthetic_certificate_edit,issuer_change+signature_change,dataset/real/synthetic_real_0405.jpg,Generated by locally editing a synthetic base certificate.
dataset/real/synthetic_real_0406.jpg,real,synthetic_certificate,none,,Generated privacy-safe certificate image.
dataset/fake/synthetic_fake_0406.jpg,fake,synthetic_certificate_forged,fully_forged,,Generated as a completely forged certificate with subtle inconsistencies.
dataset/real/synthetic_real_0407.jpg,real,synthetic_certificate,none,,Generated privacy-safe certificate image.
dataset/fake/synthetic_fake_0407.jpg,fake,synthetic_certificate_edit,issuer_change,dataset/real/synthetic_real_0407.jpg,Generated by locally editing a synthetic base certificate.
dataset/real/synthetic_real_0408.jpg,real,synthetic_certificate,none,,Generated privacy-safe certificate image.
dataset/fake/synthetic_fake_0408.jpg,fake,synthetic_certificate_forged,fully_forged,,Generated as a completely forged certificate with subtle inconsistencies.
dataset/real/synthetic_real_0409.jpg,real,synthetic_certificate,none,,Generated privacy-safe certificate image.
dataset/fake/synthetic_fake_0409.jpg,fake,synthetic_certificate_edit,serial_change,dataset/real/synthetic_real_0409.jpg,Generated by locally editing a synthetic base certificate.
dataset/real/synthetic_real_0410.jpg,real,synthetic_certificate,none,,Generated privacy-safe certificate image.
dataset/fake/synthetic_fake_0410.jpg,fake,synthetic_certificate_forged,fully_forged,,Generated as a completely forged certificate with subtle inconsistencies.
dataset/real/synthetic_real_0411.jpg,real,synthetic_certificate,none,,Generated privacy-safe certificate image.
dataset/fake/synthetic_fake_0411.jpg,fake,synthetic_certificate_edit,location_change+name_change+award_text_change,dataset/real/synthetic_real_0411.jpg,Generated by locally editing a synthetic base certificate.
dataset/real/synthetic_real_0412.jpg,real,synthetic_certificate,none,,Generated privacy-safe certificate image.
dataset/fake/synthetic_fake_0412.jpg,fake,synthetic_certificate_forged,fully_forged,,Generated as a completely forged certificate with subtle inconsistencies.
dataset/real/synthetic_real_0413.jpg,real,synthetic_certificate,none,,Generated privacy-safe certificate image.
dataset/fake/synthetic_fake_0413.jpg,fake,synthetic_certificate_edit,serial_change+seal_shift,dataset/real/synthetic_real_0413.jpg,Generated by locally editing a synthetic base certificate.
dataset/real/synthetic_real_0414.jpg,real,synthetic_certificate,none,,Generated privacy-safe certificate image.
dataset/fake/synthetic_fake_0414.jpg,fake,synthetic_certificate_forged,fully_forged,,Generated as a completely forged certificate with subtle inconsistencies.
dataset/real/synthetic_real_0415.jpg,real,synthetic_certificate,none,,Generated privacy-safe certificate image.
dataset/fake/synthetic_fake_0415.jpg,fake,synthetic_certificate_edit,body_text_change+signature_change,dataset/real/synthetic_real_0415.jpg,Generated by locally editing a synthetic base certificate.
dataset/real/synthetic_real_0416.jpg,real,synthetic_certificate,none,,Generated privacy-safe certificate image.
dataset/fake/synthetic_fake_0416.jpg,fake,synthetic_certificate_forged,fully_forged,,Generated as a completely forged certificate with subtle inconsistencies.
dataset/real/synthetic_real_0417.jpg,real,synthetic_certificate,none,,Generated privacy-safe certificate image.
dataset/fake/synthetic_fake_0417.jpg,fake,synthetic_certificate_edit,name_change+issuer_change,dataset/real/synthetic_real_0417.jpg,Generated by locally editing a synthetic base certificate.
dataset/real/synthetic_real_0418.jpg,real,synthetic_certificate,none,,Generated privacy-safe certificate image.
dataset/fake/synthetic_fake_0418.jpg,fake,synthetic_certificate_forged,fully_forged,,Generated as a completely forged certificate with subtle inconsistencies.
dataset/real/synthetic_real_0419.jpg,real,synthetic_certificate,none,,Generated privacy-safe certificate image.
dataset/fake/synthetic_fake_0419.jpg,fake,synthetic_certificate_edit,issuer_change,dataset/real/synthetic_real_0419.jpg,Generated by locally editing a synthetic base certificate.
dataset/real/synthetic_real_0420.jpg,real,synthetic_certificate,none,,Generated privacy-safe certificate image.
dataset/fake/synthetic_fake_0420.jpg,fake,synthetic_certificate_forged,fully_forged,,Generated as a completely forged certificate with subtle inconsistencies.
dataset/real/synthetic_real_0421.jpg,real,synthetic_certificate,none,,Generated privacy-safe certificate image.
dataset/fake/synthetic_fake_0421.jpg,fake,synthetic_certificate_edit,signature_change+date_change,dataset/real/synthetic_real_0421.jpg,Generated by locally editing a synthetic base certificate.
dataset/real/synthetic_real_0422.jpg,real,synthetic_certificate,none,,Generated privacy-safe certificate image.
dataset/fake/synthetic_fake_0422.jpg,fake,synthetic_certificate_forged,fully_forged,,Generated as a completely forged certificate with subtle inconsistencies.
dataset/real/synthetic_real_0423.jpg,real,synthetic_certificate,none,,Generated privacy-safe certificate image.
dataset/fake/synthetic_fake_0423.jpg,fake,synthetic_certificate_edit,date_change,dataset/real/synthetic_real_0423.jpg,Generated by locally editing a synthetic base certificate.
dataset/real/synthetic_real_0424.jpg,real,synthetic_certificate,none,,Generated privacy-safe certificate image.
dataset/fake/synthetic_fake_0424.jpg,fake,synthetic_certificate_forged,fully_forged,,Generated as a completely forged certificate with subtle inconsistencies.
dataset/real/synthetic_real_0425.jpg,real,synthetic_certificate,none,,Generated privacy-safe certificate image.
dataset/fake/synthetic_fake_0425.jpg,fake,synthetic_certificate_edit,location_change+seal_shift,dataset/real/synthetic_real_0425.jpg,Generated by locally editing a synthetic base certificate.
dataset/real/synthetic_real_0426.jpg,real,synthetic_certificate,none,,Generated privacy-safe certificate image.
dataset/fake/synthetic_fake_0426.jpg,fake,synthetic_certificate_forged,fully_forged,,Generated as a completely forged certificate with subtle inconsistencies.
dataset/real/synthetic_real_0427.jpg,real,synthetic_certificate,none,,Generated privacy-safe certificate image.
dataset/fake/synthetic_fake_0427.jpg,fake,synthetic_certificate_edit,date_change+location_change+serial_change,dataset/real/synthetic_real_0427.jpg,Generated by locally editing a synthetic base certificate.
dataset/real/synthetic_real_0428.jpg,real,synthetic_certificate,none,,Generated privacy-safe certificate image.
dataset/fake/synthetic_fake_0428.jpg,fake,synthetic_certificate_forged,fully_forged,,Generated as a completely forged certificate with subtle inconsistencies.
dataset/real/synthetic_real_0429.jpg,real,synthetic_certificate,none,,Generated privacy-safe certificate image.
dataset/fake/synthetic_fake_0429.jpg,fake,synthetic_certificate_edit,seal_shift+location_change+signature_change,dataset/real/synthetic_real_0429.jpg,Generated by locally editing a synthetic base certificate.
dataset/real/synthetic_real_0430.jpg,real,synthetic_certificate,none,,Generated privacy-safe certificate image.
dataset/fake/synthetic_fake_0430.jpg,fake,synthetic_certificate_forged,fully_forged,,Generated as a completely forged certificate with subtle inconsistencies.
dataset/real/synthetic_real_0431.jpg,real,synthetic_certificate,none,,Generated privacy-safe certificate image.
dataset/fake/synthetic_fake_0431.jpg,fake,synthetic_certificate_edit,location_change+body_text_change+name_change,dataset/real/synthetic_real_0431.jpg,Generated by locally editing a synthetic base certificate.
dataset/real/synthetic_real_0432.jpg,real,synthetic_certificate,none,,Generated privacy-safe certificate image.
dataset/fake/synthetic_fake_0432.jpg,fake,synthetic_certificate_forged,fully_forged,,Generated as a completely forged certificate with subtle inconsistencies.
dataset/real/synthetic_real_0433.jpg,real,synthetic_certificate,none,,Generated privacy-safe certificate image.
dataset/fake/synthetic_fake_0433.jpg,fake,synthetic_certificate_edit,body_text_change+signature_change,dataset/real/synthetic_real_0433.jpg,Generated by locally editing a synthetic base certificate.
dataset/real/synthetic_real_0434.jpg,real,synthetic_certificate,none,,Generated privacy-safe certificate image.
dataset/fake/synthetic_fake_0434.jpg,fake,synthetic_certificate_forged,fully_forged,,Generated as a completely forged certificate with subtle inconsistencies.
dataset/real/synthetic_real_0435.jpg,real,synthetic_certificate,none,,Generated privacy-safe certificate image.
dataset/fake/synthetic_fake_0435.jpg,fake,synthetic_certificate_edit,signature_change,dataset/real/synthetic_real_0435.jpg,Generated by locally editing a synthetic base certificate.
dataset/real/synthetic_real_0436.jpg,real,synthetic_certificate,none,,Generated privacy-safe certificate image.
dataset/fake/synthetic_fake_0436.jpg,fake,synthetic_certificate_forged,fully_forged,,Generated as a completely forged certificate with subtle inconsistencies.
dataset/real/synthetic_real_0437.jpg,real,synthetic_certificate,none,,Generated privacy-safe certificate image.
dataset/fake/synthetic_fake_0437.jpg,fake,synthetic_certificate_edit,body_text_change+date_change,dataset/real/synthetic_real_0437.jpg,Generated by locally editing a synthetic base certificate.
dataset/real/synthetic_real_0438.jpg,real,synthetic_certificate,none,,Generated privacy-safe certificate image.
dataset/fake/synthetic_fake_0438.jpg,fake,synthetic_certificate_forged,fully_forged,,Generated as a completely forged certificate with subtle inconsistencies.
dataset/real/synthetic_real_0439.jpg,real,synthetic_certificate,none,,Generated privacy-safe certificate image.
dataset/fake/synthetic_fake_0439.jpg,fake,synthetic_certificate_edit,name_change,dataset/real/synthetic_real_0439.jpg,Generated by locally editing a synthetic base certificate.
dataset/real/synthetic_real_0440.jpg,real,synthetic_certificate,none,,Generated privacy-safe certificate image.
dataset/fake/synthetic_fake_0440.jpg,fake,synthetic_certificate_forged,fully_forged,,Generated as a completely forged certificate with subtle inconsistencies.
dataset/real/synthetic_real_0441.jpg,real,synthetic_certificate,none,,Generated privacy-safe certificate image.
dataset/fake/synthetic_fake_0441.jpg,fake,synthetic_certificate_edit,serial_change+issuer_change,dataset/real/synthetic_real_0441.jpg,Generated by locally editing a synthetic base certificate.
dataset/real/synthetic_real_0442.jpg,real,synthetic_certificate,none,,Generated privacy-safe certificate image.
dataset/fake/synthetic_fake_0442.jpg,fake,synthetic_certificate_forged,fully_forged,,Generated as a completely forged certificate with subtle inconsistencies.
dataset/real/synthetic_real_0443.jpg,real,synthetic_certificate,none,,Generated privacy-safe certificate image.
dataset/fake/synthetic_fake_0443.jpg,fake,synthetic_certificate_edit,seal_shift+award_text_change,dataset/real/synthetic_real_0443.jpg,Generated by locally editing a synthetic base certificate.
dataset/real/synthetic_real_0444.jpg,real,synthetic_certificate,none,,Generated privacy-safe certificate image.
dataset/fake/synthetic_fake_0444.jpg,fake,synthetic_certificate_forged,fully_forged,,Generated as a completely forged certificate with subtle inconsistencies.
dataset/real/synthetic_real_0445.jpg,real,synthetic_certificate,none,,Generated privacy-safe certificate image.
dataset/fake/synthetic_fake_0445.jpg,fake,synthetic_certificate_edit,serial_change+signature_change,dataset/real/synthetic_real_0445.jpg,Generated by locally editing a synthetic base certificate.
dataset/real/synthetic_real_0446.jpg,real,synthetic_certificate,none,,Generated privacy-safe certificate image.
dataset/fake/synthetic_fake_0446.jpg,fake,synthetic_certificate_forged,fully_forged,,Generated as a completely forged certificate with subtle inconsistencies.
dataset/real/synthetic_real_0447.jpg,real,synthetic_certificate,none,,Generated privacy-safe certificate image.
dataset/fake/synthetic_fake_0447.jpg,fake,synthetic_certificate_edit,body_text_change,dataset/real/synthetic_real_0447.jpg,Generated by locally editing a synthetic base certificate.
dataset/real/synthetic_real_0448.jpg,real,synthetic_certificate,none,,Generated privacy-safe certificate image.
dataset/fake/synthetic_fake_0448.jpg,fake,synthetic_certificate_forged,fully_forged,,Generated as a completely forged certificate with subtle inconsistencies.
dataset/real/synthetic_real_0449.jpg,real,synthetic_certificate,none,,Generated privacy-safe certificate image.
dataset/fake/synthetic_fake_0449.jpg,fake,synthetic_certificate_edit,location_change+award_text_change+signature_change,dataset/real/synthetic_real_0449.jpg,Generated by locally editing a synthetic base certificate.
dataset/real/synthetic_real_0450.jpg,real,synthetic_certificate,none,,Generated privacy-safe certificate image.
dataset/fake/synthetic_fake_0450.jpg,fake,synthetic_certificate_forged,fully_forged,,Generated as a completely forged certificate with subtle inconsistencies.
dataset/real/synthetic_real_0451.jpg,real,synthetic_certificate,none,,Generated privacy-safe certificate image.
dataset/fake/synthetic_fake_0451.jpg,fake,synthetic_certificate_edit,issuer_change,dataset/real/synthetic_real_0451.jpg,Generated by locally editing a synthetic base certificate.
dataset/real/synthetic_real_0452.jpg,real,synthetic_certificate,none,,Generated privacy-safe certificate image.
dataset/fake/synthetic_fake_0452.jpg,fake,synthetic_certificate_forged,fully_forged,,Generated as a completely forged certificate with subtle inconsistencies.
dataset/real/synthetic_real_0453.jpg,real,synthetic_certificate,none,,Generated privacy-safe certificate image.
dataset/fake/synthetic_fake_0453.jpg,fake,synthetic_certificate_edit,serial_change,dataset/real/synthetic_real_0453.jpg,Generated by locally editing a synthetic base certificate.
dataset/real/synthetic_real_0454.jpg,real,synthetic_certificate,none,,Generated privacy-safe certificate image.
dataset/fake/synthetic_fake_0454.jpg,fake,synthetic_certificate_forged,fully_forged,,Generated as a completely forged certificate with subtle inconsistencies.
dataset/real/synthetic_real_0455.jpg,real,synthetic_certificate,none,,Generated privacy-safe certificate image.
dataset/fake/synthetic_fake_0455.jpg,fake,synthetic_certificate_edit,seal_shift,dataset/real/synthetic_real_0455.jpg,Generated by locally editing a synthetic base certificate.
dataset/real/synthetic_real_0456.jpg,real,synthetic_certificate,none,,Generated privacy-safe certificate image.
dataset/fake/synthetic_fake_0456.jpg,fake,synthetic_certificate_forged,fully_forged,,Generated as a completely forged certificate with subtle inconsistencies.
dataset/real/synthetic_real_0457.jpg,real,synthetic_certificate,none,,Generated privacy-safe certificate image.
dataset/fake/synthetic_fake_0457.jpg,fake,synthetic_certificate_edit,signature_change,dataset/real/synthetic_real_0457.jpg,Generated by locally editing a synthetic base certificate.
dataset/real/synthetic_real_0458.jpg,real,synthetic_certificate,none,,Generated privacy-safe certificate image.
dataset/fake/synthetic_fake_0458.jpg,fake,synthetic_certificate_forged,fully_forged,,Generated as a completely forged certificate with subtle inconsistencies.
dataset/real/synthetic_real_0459.jpg,real,synthetic_certificate,none,,Generated privacy-safe certificate image.
dataset/fake/synthetic_fake_0459.jpg,fake,synthetic_certificate_edit,date_change+award_text_change+name_change,dataset/real/synthetic_real_0459.jpg,Generated by locally editing a synthetic base certificate.
dataset/real/synthetic_real_0460.jpg,real,synthetic_certificate,none,,Generated privacy-safe certificate image.
dataset/fake/synthetic_fake_0460.jpg,fake,synthetic_certificate_forged,fully_forged,,Generated as a completely forged certificate with subtle inconsistencies.
dataset/real/synthetic_real_0461.jpg,real,synthetic_certificate,none,,Generated privacy-safe certificate image.
dataset/fake/synthetic_fake_0461.jpg,fake,synthetic_certificate_edit,seal_shift,dataset/real/synthetic_real_0461.jpg,Generated by locally editing a synthetic base certificate.
dataset/real/synthetic_real_0462.jpg,real,synthetic_certificate,none,,Generated privacy-safe certificate image.
dataset/fake/synthetic_fake_0462.jpg,fake,synthetic_certificate_forged,fully_forged,,Generated as a completely forged certificate with subtle inconsistencies.
dataset/real/synthetic_real_0463.jpg,real,synthetic_certificate,none,,Generated privacy-safe certificate image.
dataset/fake/synthetic_fake_0463.jpg,fake,synthetic_certificate_edit,issuer_change+seal_shift,dataset/real/synthetic_real_0463.jpg,Generated by locally editing a synthetic base certificate.
dataset/real/synthetic_real_0464.jpg,real,synthetic_certificate,none,,Generated privacy-safe certificate image.
dataset/fake/synthetic_fake_0464.jpg,fake,synthetic_certificate_forged,fully_forged,,Generated as a completely forged certificate with subtle inconsistencies.
dataset/real/synthetic_real_0465.jpg,real,synthetic_certificate,none,,Generated privacy-safe certificate image.
dataset/fake/synthetic_fake_0465.jpg,fake,synthetic_certificate_edit,body_text_change+location_change+serial_change,dataset/real/synthetic_real_0465.jpg,Generated by locally editing a synthetic base certificate.
dataset/real/synthetic_real_0466.jpg,real,synthetic_certificate,none,,Generated privacy-safe certificate image.
dataset/fake/synthetic_fake_0466.jpg,fake,synthetic_certificate_forged,fully_forged,,Generated as a completely forged certificate with subtle inconsistencies.
dataset/real/synthetic_real_0467.jpg,real,synthetic_certificate,none,,Generated privacy-safe certificate image.
dataset/fake/synthetic_fake_0467.jpg,fake,synthetic_certificate_edit,name_change,dataset/real/synthetic_real_0467.jpg,Generated by locally editing a synthetic base certificate.
dataset/real/synthetic_real_0468.jpg,real,synthetic_certificate,none,,Generated privacy-safe certificate image.
dataset/fake/synthetic_fake_0468.jpg,fake,synthetic_certificate_forged,fully_forged,,Generated as a completely forged certificate with subtle inconsistencies.
dataset/real/synthetic_real_0469.jpg,real,synthetic_certificate,none,,Generated privacy-safe certificate image.
dataset/fake/synthetic_fake_0469.jpg,fake,synthetic_certificate_edit,serial_change,dataset/real/synthetic_real_0469.jpg,Generated by locally editing a synthetic base certificate.
dataset/real/synthetic_real_0470.jpg,real,synthetic_certificate,none,,Generated privacy-safe certificate image.
dataset/fake/synthetic_fake_0470.jpg,fake,synthetic_certificate_forged,fully_forged,,Generated as a completely forged certificate with subtle inconsistencies.
dataset/real/synthetic_real_0471.jpg,real,synthetic_certificate,none,,Generated privacy-safe certificate image.
dataset/fake/synthetic_fake_0471.jpg,fake,synthetic_certificate_edit,body_text_change+name_change,dataset/real/synthetic_real_0471.jpg,Generated by locally editing a synthetic base certificate.
dataset/real/synthetic_real_0472.jpg,real,synthetic_certificate,none,,Generated privacy-safe certificate image.
dataset/fake/synthetic_fake_0472.jpg,fake,synthetic_certificate_forged,fully_forged,,Generated as a completely forged certificate with subtle inconsistencies.
dataset/real/synthetic_real_0473.jpg,real,synthetic_certificate,none,,Generated privacy-safe certificate image.
dataset/fake/synthetic_fake_0473.jpg,fake,synthetic_certificate_edit,issuer_change+body_text_change+location_change,dataset/real/synthetic_real_0473.jpg,Generated by locally editing a synthetic base certificate.
dataset/real/synthetic_real_0474.jpg,real,synthetic_certificate,none,,Generated privacy-safe certificate image.
dataset/fake/synthetic_fake_0474.jpg,fake,synthetic_certificate_forged,fully_forged,,Generated as a completely forged certificate with subtle inconsistencies.
dataset/real/synthetic_real_0475.jpg,real,synthetic_certificate,none,,Generated privacy-safe certificate image.
dataset/fake/synthetic_fake_0475.jpg,fake,synthetic_certificate_edit,location_change+seal_shift,dataset/real/synthetic_real_0475.jpg,Generated by locally editing a synthetic base certificate.
dataset/real/synthetic_real_0476.jpg,real,synthetic_certificate,none,,Generated privacy-safe certificate image.
dataset/fake/synthetic_fake_0476.jpg,fake,synthetic_certificate_forged,fully_forged,,Generated as a completely forged certificate with subtle inconsistencies.
dataset/real/synthetic_real_0477.jpg,real,synthetic_certificate,none,,Generated privacy-safe certificate image.
dataset/fake/synthetic_fake_0477.jpg,fake,synthetic_certificate_edit,issuer_change,dataset/real/synthetic_real_0477.jpg,Generated by locally editing a synthetic base certificate.
dataset/real/synthetic_real_0478.jpg,real,synthetic_certificate,none,,Generated privacy-safe certificate image.
dataset/fake/synthetic_fake_0478.jpg,fake,synthetic_certificate_forged,fully_forged,,Generated as a completely forged certificate with subtle inconsistencies.
dataset/real/synthetic_real_0479.jpg,real,synthetic_certificate,none,,Generated privacy-safe certificate image.
dataset/fake/synthetic_fake_0479.jpg,fake,synthetic_certificate_edit,location_change+issuer_change+body_text_change,dataset/real/synthetic_real_0479.jpg,Generated by locally editing a synthetic base certificate.
dataset/real/synthetic_real_0480.jpg,real,synthetic_certificate,none,,Generated privacy-safe certificate image.
dataset/fake/synthetic_fake_0480.jpg,fake,synthetic_certificate_forged,fully_forged,,Generated as a completely forged certificate with subtle inconsistencies.
dataset/real/synthetic_real_0481.jpg,real,synthetic_certificate,none,,Generated privacy-safe certificate image.
dataset/fake/synthetic_fake_0481.jpg,fake,synthetic_certificate_edit,serial_change,dataset/real/synthetic_real_0481.jpg,Generated by locally editing a synthetic base certificate.
dataset/real/synthetic_real_0482.jpg,real,synthetic_certificate,none,,Generated privacy-safe certificate image.
dataset/fake/synthetic_fake_0482.jpg,fake,synthetic_certificate_forged,fully_forged,,Generated as a completely forged certificate with subtle inconsistencies.
dataset/real/synthetic_real_0483.jpg,real,synthetic_certificate,none,,Generated privacy-safe certificate image.
dataset/fake/synthetic_fake_0483.jpg,fake,synthetic_certificate_edit,location_change+issuer_change,dataset/real/synthetic_real_0483.jpg,Generated by locally editing a synthetic base certificate.
dataset/real/synthetic_real_0484.jpg,real,synthetic_certificate,none,,Generated privacy-safe certificate image.
dataset/fake/synthetic_fake_0484.jpg,fake,synthetic_certificate_forged,fully_forged,,Generated as a completely forged certificate with subtle inconsistencies.
dataset/real/synthetic_real_0485.jpg,real,synthetic_certificate,none,,Generated privacy-safe certificate image.
dataset/fake/synthetic_fake_0485.jpg,fake,synthetic_certificate_edit,location_change+seal_shift,dataset/real/synthetic_real_0485.jpg,Generated by locally editing a synthetic base certificate.
dataset/real/synthetic_real_0486.jpg,real,synthetic_certificate,none,,Generated privacy-safe certificate image.
dataset/fake/synthetic_fake_0486.jpg,fake,synthetic_certificate_forged,fully_forged,,Generated as a completely forged certificate with subtle inconsistencies.
dataset/real/synthetic_real_0487.jpg,real,synthetic_certificate,none,,Generated privacy-safe certificate image.
dataset/fake/synthetic_fake_0487.jpg,fake,synthetic_certificate_edit,body_text_change+date_change+signature_change,dataset/real/synthetic_real_0487.jpg,Generated by locally editing a synthetic base certificate.
dataset/real/synthetic_real_0488.jpg,real,synthetic_certificate,none,,Generated privacy-safe certificate image.
dataset/fake/synthetic_fake_0488.jpg,fake,synthetic_certificate_forged,fully_forged,,Generated as a completely forged certificate with subtle inconsistencies.
dataset/real/synthetic_real_0489.jpg,real,synthetic_certificate,none,,Generated privacy-safe certificate image.
dataset/fake/synthetic_fake_0489.jpg,fake,synthetic_certificate_edit,award_text_change+name_change+seal_shift,dataset/real/synthetic_real_0489.jpg,Generated by locally editing a synthetic base certificate.
dataset/real/synthetic_real_0490.jpg,real,synthetic_certificate,none,,Generated privacy-safe certificate image.
dataset/fake/synthetic_fake_0490.jpg,fake,synthetic_certificate_forged,fully_forged,,Generated as a completely forged certificate with subtle inconsistencies.
dataset/real/synthetic_real_0491.jpg,real,synthetic_certificate,none,,Generated privacy-safe certificate image.
dataset/fake/synthetic_fake_0491.jpg,fake,synthetic_certificate_edit,signature_change,dataset/real/synthetic_real_0491.jpg,Generated by locally editing a synthetic base certificate.
dataset/real/synthetic_real_0492.jpg,real,synthetic_certificate,none,,Generated privacy-safe certificate image.
dataset/fake/synthetic_fake_0492.jpg,fake,synthetic_certificate_forged,fully_forged,,Generated as a completely forged certificate with subtle inconsistencies.
dataset/real/synthetic_real_0493.jpg,real,synthetic_certificate,none,,Generated privacy-safe certificate image.
dataset/fake/synthetic_fake_0493.jpg,fake,synthetic_certificate_edit,signature_change+body_text_change+award_text_change,dataset/real/synthetic_real_0493.jpg,Generated by locally editing a synthetic base certificate.
dataset/real/synthetic_real_0494.jpg,real,synthetic_certificate,none,,Generated privacy-safe certificate image.
dataset/fake/synthetic_fake_0494.jpg,fake,synthetic_certificate_forged,fully_forged,,Generated as a completely forged certificate with subtle inconsistencies.
dataset/real/synthetic_real_0495.jpg,real,synthetic_certificate,none,,Generated privacy-safe certificate image.
dataset/fake/synthetic_fake_0495.jpg,fake,synthetic_certificate_edit,date_change,dataset/real/synthetic_real_0495.jpg,Generated by locally editing a synthetic base certificate.
dataset/real/synthetic_real_0496.jpg,real,synthetic_certificate,none,,Generated privacy-safe certificate image.
dataset/fake/synthetic_fake_0496.jpg,fake,synthetic_certificate_forged,fully_forged,,Generated as a completely forged certificate with subtle inconsistencies.
dataset/real/synthetic_real_0497.jpg,real,synthetic_certificate,none,,Generated privacy-safe certificate image.
dataset/fake/synthetic_fake_0497.jpg,fake,synthetic_certificate_edit,seal_shift+date_change+issuer_change,dataset/real/synthetic_real_0497.jpg,Generated by locally editing a synthetic base certificate.
dataset/real/synthetic_real_0498.jpg,real,synthetic_certificate,none,,Generated privacy-safe certificate image.
dataset/fake/synthetic_fake_0498.jpg,fake,synthetic_certificate_forged,fully_forged,,Generated as a completely forged certificate with subtle inconsistencies.
dataset/real/synthetic_real_0499.jpg,real,synthetic_certificate,none,,Generated privacy-safe certificate image.
dataset/fake/synthetic_fake_0499.jpg,fake,synthetic_certificate_edit,location_change,dataset/real/synthetic_real_0499.jpg,Generated by locally editing a synthetic base certificate.
dataset/real/synthetic_real_0500.jpg,real,synthetic_certificate,none,,Generated privacy-safe certificate image.
dataset/fake/synthetic_fake_0500.jpg,fake,synthetic_certificate_forged,fully_forged,,Generated as a completely forged certificate with subtle inconsistencies.
